INSERT INTO [dbo].[Roles] ([Id], [Type], [CreatedAt]) VALUES 
('deaf35ba-fe71-4c21-8a3c-d8e5b32a06fe', 'Admin', CAST('2024-03-01T00:00:00.0000000' AS DateTime2)),
('2fc8f207-5af0-402f-84d0-e1c7fa7336a6', 'Moderator', CAST('2024-03-01T00:00:00.0000001' AS DateTime2)),
('61ee6dda-e18a-4eb9-a736-3f95ba5537f7', 'Listener',CAST('2024-03-01T00:00:00.0000002' AS DateTime2));

INSERT INTO [dbo].[Authorities] ([Id], [Type], [CreatedAt]) VALUES 
('75e924c3-34e7-46ef-b521-7331e36caadd', 'Create', CAST('2024-03-01T00:00:00.0000000' AS DateTime2)),
('362b20cf-3636-49ed-9489-d2700339efce', 'Read', CAST('2024-03-01T00:00:00.0000001' AS DateTime2)),
('3cc47e2d-b14e-472f-9868-fbb90b15f18e', 'Update', CAST('2024-03-01T00:00:00.0000002' AS DateTime2)),
('59525baa-6eaa-42d8-b213-9094af0d604b', 'Delete', CAST('2024-03-01T00:00:00.0000003' AS DateTime2));

INSERT INTO [dbo].[Albums] ([Id], [Title], [ImageUrl], [ReleaseDate], [CreatedAt], [UpdatedAt], [DeletedAt]) VALUES 
('6ee76a77-2be4-42e3-8417-e60d282cffcb', 'Utopia', 'https://example.com/utopia.jpg', CAST('2022-04-25' AS Date), CAST('2024-03-01T00:00:00.0000000' AS DateTime2), NULL, NULL),
('b58f5f3f-d5e8-49f3-8b12-cfe33f762b4f', 'Echoes of Silence', 'https://example.com/echoes-of-silence.jpg', CAST('2011-12-21' AS Date), CAST('2024-03-02T00:00:00.0000000' AS DateTime2), NULL, NULL),
('05c4fe5d-8c0f-4eff-8ff2-e2e0e91218db', 'Born to Die', 'https://example.com/born-to-die.jpg', CAST('2012-01-27' AS Date), CAST('2024-03-03T00:00:00.0000000' AS DateTime2), NULL, NULL),
('77953b24-e1c0-4d1f-a730-a12d5460b0d1', 'Random Access Memories', 'https://example.com/random-access-memories.jpg', CAST('2013-05-17' AS Date), CAST('2024-03-04T00:00:00.0000000' AS DateTime2), NULL, NULL),
('e6d397e8-c355-4d68-b9e4-4a1c67daf6fa', 'Good Kid, M.A.A.D City', 'https://example.com/good-kid-maad-city.jpg', CAST('2012-10-22' AS Date), CAST('2024-03-05T00:00:00.0000000' AS DateTime2), NULL, NULL),
('c0ec7e3d-8d8b-47b5-9b29-8a4b4c5357c1', 'Channel Orange', 'https://example.com/channel-orange.jpg', CAST('2012-07-10' AS Date), CAST('2024-03-06T00:00:00.0000000' AS DateTime2), NULL, NULL),
('8f70a802-6741-48de-9f2f-7f1d184b1687', 'In the Lonely Hour', 'https://example.com/in-the-lonely-hour.jpg', CAST('2014-05-26' AS Date), CAST('2024-03-07T00:00:00.0000000' AS DateTime2), NULL, NULL),
('bd2096d2-5b54-432a-9363-a99ed0078c7a', 'The Dark Side of the Moon', 'https://example.com/the-dark-side-of-the-moon.jpg', CAST('1973-03-01' AS Date), CAST('2024-03-08T00:00:00.0000000' AS DateTime2), NULL, NULL),
('6542c145-0f0e-432f-8b8c-9a6a53c6b8e8', 'Thriller', 'https://example.com/thriller.jpg', CAST('1982-11-30' AS Date), CAST('2024-03-09T00:00:00.0000000' AS DateTime2), NULL, NULL),
('c3e92b3d-f3b7-4935-baac-68b47054e897', 'Black Star', 'https://example.com/black-star.jpg', CAST('2016-01-08' AS Date), CAST('2024-03-10T00:00:00.0000000' AS DateTime2), NULL, NULL),
('d4b7c7f3-8c6f-4f1a-91ff-ee2a850b2f3e', 'Fine Line', 'https://example.com/fine-line.jpg', CAST('2019-12-13' AS Date), CAST('2024-03-11T00:00:00.0000000' AS DateTime2), NULL, NULL),
('f30c8c10-d54f-498c-8423-6e1d2dcaae4d', 'After Hours', 'https://example.com/after-hours.jpg', CAST('2020-03-20' AS Date), CAST('2024-03-12T00:00:00.0000000' AS DateTime2), NULL, NULL),
('5fefa585-5a2f-4f4b-b6f5-850768f7c7b8', 'Evermore', 'https://example.com/evermore.jpg', CAST('2020-12-11' AS Date), CAST('2024-03-13T00:00:00.0000000' AS DateTime2), NULL, NULL),
('9f1c4000-6f48-4bda-aa6d-22f0581629d1', 'A Moon Shaped Pool', 'https://example.com/a-moon-shaped-pool.jpg', CAST('2016-05-08' AS Date), CAST('2024-03-14T00:00:00.0000000' AS DateTime2), NULL, NULL),
('ae93288c-a804-4f40-a97c-6f3572da3b01', 'DAMN.', 'https://example.com/damn.jpg', CAST('2017-04-14' AS Date), CAST('2024-03-15T00:00:00.0000000' AS DateTime2), NULL, NULL),
('3e5b76a4-c2bf-4c7d-9abf-a59b3e8e0bc2', 'Lemonade', 'https://example.com/lemonade.jpg', CAST('2016-04-23' AS Date), CAST('2024-03-16T00:00:00.0000000' AS DateTime2), NULL, NULL),
('9d4a518b-6673-4a91-b179-2b8c68a4f3f3', '21', 'https://example.com/21-adele.jpg', CAST('2011-01-24' AS Date), CAST('2024-03-17T00:00:00.0000000' AS DateTime2), NULL, NULL),
('c5f5b360-fbfd-4e17-aca3-e2a1d5b25895', 'Voyage', 'https://example.com/voyage.jpg', CAST('2021-11-05' AS Date), CAST('2024-03-18T00:00:00.0000000' AS DateTime2), NULL, NULL),
('57d9b8a7-d36b-4975-bd4a-a4c5dbe5c5cc', 'Starboy', 'https://example.com/starboy.jpg', CAST('2016-11-25' AS Date), CAST('2024-03-19T00:00:00.0000000' AS DateTime2), NULL, NULL),
('2d68f441-d532-4e0d-8f51-c5d086078dd9', 'Divide', 'https://example.com/divide.jpg', CAST('2017-03-03' AS Date), CAST('2024-03-20T00:00:00.0000000' AS DateTime2), NULL, NULL),
('1b6d3a7a-d9d4-478e-b0c1-8d8c2a4f6c0f', 'Vibras', 'https://example.com/vibras.jpg', CAST('2018-05-25' AS Date), CAST('2024-03-21T00:00:00.0000000' AS DateTime2), NULL, NULL),
('2e2f662e-c2df-4660-800c-3613b6001bf1', 'Astroworld', 'https://example.com/astroworld.jpg', CAST('2018-08-03' AS Date), CAST('2024-03-22T00:00:00.0000000' AS DateTime2), NULL, NULL),
('cc3cf857-e7f5-4c0b-9eaa-3f6e4c8d2045', 'Hollywoods Bleeding', 'https://example.com/hollywoods-bleeding.jpg', CAST('2019-09-06' AS Date), CAST('2024-03-23T00:00:00.0000000' AS DateTime2), NULL, NULL),
('995a2c8e-cdd5-4c0f-b875-8b6192b6b014', 'Blonde', 'https://example.com/blonde.jpg', CAST('2016-08-20' AS Date), CAST('2024-03-24T00:00:00.0000000' AS DateTime2), NULL, NULL),
('fb9eac8d-0aec-4cc2-b5c6-f9eca5c6d408', 'My Beautiful Dark Twisted Fantasy', 'https://example.com/my-beautiful-dark-twisted-fantasy.jpg', CAST('2010-11-22' AS Date), CAST('2024-03-25T00:00:00.0000000' AS DateTime2), NULL, NULL),
('0fd3aee7-0bd0-4482-a78d-17e3c7d8b4d5', 'Melodrama', 'https://example.com/melodrama.jpg', CAST('2017-06-16' AS Date), CAST('2024-03-26T00:00:00.0000000' AS DateTime2), NULL, NULL),
('41ad644e-bdec-472c-ae5d-9f2d1e7fcb0d', 'Nothing Was the Same', 'https://example.com/nothing-was-the-same.jpg', CAST('2013-09-24' AS Date), CAST('2024-03-27T00:00:00.0000000' AS DateTime2), NULL, NULL),
('c7e1f8b6-d8df-4eca-b45e-736b5d63b4d5', 'ANTI', 'https://example.com/anti.jpg', CAST('2016-01-28' AS Date), CAST('2024-03-28T00:00:00.0000000' AS DateTime2), NULL, NULL),
('aac3f3d7-3146-421f-981d-68f02d1352f0', 'Future Nostalgia', 'https://example.com/future-nostalgia.jpg', CAST('2020-03-27' AS Date), CAST('2024-03-29T00:00:00.0000000' AS DateTime2), NULL, NULL),
('a393b54c-01fb-4fd3-a8bb-3395bf603934', 'When We All Fall Asleep, Where Do We Go?', 'https://example.com/when-we-all-fall-asleep.jpg', CAST('2019-03-29' AS Date), CAST('2024-03-30T00:00:00.0000000' AS DateTime2), NULL, NULL),
('77f3f764-0a2e-4be2-a753-5555af2c4d52', 'The Life of Pablo', 'https://example.com/the-life-of-pablo.jpg', CAST('2016-02-14' AS Date), CAST('2024-03-31T00:00:00.0000000' AS DateTime2), NULL, NULL),
('71b4bdec-c4a4-413b-b874-e3fc2b8a1235', 'To Pimp a Butterfly', 'https://example.com/to-pimp-a-butterfly.jpg', CAST('2015-03-15' AS Date), CAST('2024-04-01T00:00:00.0000000' AS DateTime2), NULL, NULL),
('39fb8791-3b22-4aad-99d1-27b51a5a3e37', 'Tranquility Base Hotel & Casino', 'https://example.com/tranquility-base.jpg', CAST('2018-05-11' AS Date), CAST('2024-04-02T00:00:00.0000000' AS DateTime2), NULL, NULL),
('7cd3c9a2-bc21-4797-b488-67e845a0e79b', 'Currents', 'https://example.com/currents.jpg', CAST('2015-07-17' AS Date), CAST('2024-04-03T00:00:00.0000000' AS DateTime2), NULL, NULL),
('ade35692-6d10-4c2f-8c3b-ff7b638d06e7', 'Art Angels', 'https://example.com/art-angels.jpg', CAST('2015-11-06' AS Date), CAST('2024-04-04T00:00:00.0000000' AS DateTime2), NULL, NULL),
('89b992ff-29be-49d3-b786-8d2e8d44de55', 'Yeezus', 'https://example.com/yeezus.jpg', CAST('2013-06-18' AS Date), CAST('2024-04-05T00:00:00.0000000' AS DateTime2), NULL, NULL),
('ec2c9fe3-e8a2-4ec6-a7b5-885e10dd87ec', 'Ctrl', 'https://example.com/ctrl.jpg', CAST('2017-06-09' AS Date), CAST('2024-04-06T00:00:00.0000000' AS DateTime2), NULL, NULL),
('3ef8d9f9-88f8-4f39-b73d-261b5a7f2c8a', 'Cleopatra', 'https://example.com/cleopatra.jpg', CAST('2016-04-08' AS Date), CAST('2024-04-07T00:00:00.0000000' AS DateTime2), NULL, NULL),
('07fa60f8-8b91-4c33-bf53-1e4f3b79f597', 'Flower Boy', 'https://example.com/flower-boy.jpg', CAST('2017-07-21' AS Date), CAST('2024-04-08T00:00:00.0000000' AS DateTime2), NULL, NULL),
('d6a47f2d-bb31-4f1c-a9df-6b557b2f6b26', 'In Rainbows', 'https://example.com/in-rainbows.jpg', CAST('2007-10-10' AS Date), CAST('2024-04-09T00:00:00.0000000' AS DateTime2), NULL, NULL),
('b2d7f920-68b2-4ba4-a99e-abf3069f887c', 'Stoney', 'https://example.com/stoney.jpg', CAST('2016-12-09' AS Date), CAST('2024-04-10T00:00:00.0000000' AS DateTime2), NULL, NULL),
('1c3a213b-aa9b-4c8b-a393-4c881522eebb', 'Kid A', 'https://example.com/kid-a.jpg', CAST('2000-10-02' AS Date), CAST('2024-04-11T00:00:00.0000000' AS DateTime2), NULL, NULL),
('a8a214b9-c3d1-420e-9e63-3418c9367e81', 'Ghost Stories', 'https://example.com/ghost-stories.jpg', CAST('2014-05-16' AS Date), CAST('2024-04-12T00:00:00.0000000' AS DateTime2), NULL, NULL),
('8f5296a1-0df2-49d5-9b69-6c6afe6c8e18', 'Awaken, My Love!', 'https://example.com/awaken-my-love.jpg', CAST('2016-12-02' AS Date), CAST('2024-04-13T00:00:00.0000000' AS DateTime2), NULL, NULL),
('5df3c97b-d624-4d55-8a33-4e4d49abdeba', '4 Your Eyes Only', 'https://example.com/4-your-eyes-only.jpg', CAST('2016-12-09' AS Date), CAST('2024-04-14T00:00:00.0000000' AS DateTime2), NULL, NULL),
('2fd6f336-fc89-45e8-baae-2c8d3ec384cb', 'Man on the Moon', 'https://example.com/man-on-the-moon.jpg', CAST('2009-09-15' AS Date), CAST('2024-04-15T00:00:00.0000000' AS DateTime2), NULL, CAST('2024-04-15T12:00:00.0000000' AS DateTime2)),
('71d6e3ac-413b-46f1-9aaf-c36d4056b7c2', 'American Teen', 'https://example.com/american-teen.jpg', CAST('2017-03-03' AS Date), CAST('2024-04-16T00:00:00.0000000' AS DateTime2), NULL, CAST('2024-04-16T12:00:00.0000000' AS DateTime2)),
('67a03545-13d2-45b6-bf01-668c9ee315bb', 'Carrie & Lowell', 'https://example.com/carrie-and-lowell.jpg', CAST('2015-03-31' AS Date), CAST('2024-04-17T00:00:00.0000000' AS DateTime2), NULL, CAST('2024-04-17T12:00:00.0000000' AS DateTime2)),
('b8107cbb-18fb-49b0-876b-86777a3bafff', 'Beauty Behind the Madness', 'https://example.com/beauty-behind-the-madness.jpg', CAST('2015-08-28' AS Date), CAST('2024-04-18T00:00:00.0000000' AS DateTime2), NULL, CAST('2024-04-18T12:00:00.0000000' AS DateTime2)),
('11d77e95-f4f2-4a6f-980b-674d81d8c1d8', 'Reputation', 'https://example.com/reputation.jpg', CAST('2017-11-10' AS Date), CAST('2024-04-19T00:00:00.0000000' AS DateTime2), NULL, CAST('2024-04-19T12:00:00.0000000' AS DateTime2)),
('8a145bd2-7b7f-4188-bcdd-1c3a4a7c5e45', 'Cold Mode', 'https://example.com/cold-mode.jpg', CAST('2023-06-18' AS Date), CAST('2024-04-20T00:00:00.0000000' AS DateTime2), NULL, NULL);

INSERT INTO [dbo].[AlbumLinks] ([AlbumId], [SimilarAlbumId]) VALUES 
('6ee76a77-2be4-42e3-8417-e60d282cffcb', 'b58f5f3f-d5e8-49f3-8b12-cfe33f762b4f'),
('6ee76a77-2be4-42e3-8417-e60d282cffcb', '05c4fe5d-8c0f-4eff-8ff2-e2e0e91218db'),
('b58f5f3f-d5e8-49f3-8b12-cfe33f762b4f', '05c4fe5d-8c0f-4eff-8ff2-e2e0e91218db'),
('b58f5f3f-d5e8-49f3-8b12-cfe33f762b4f', '77953b24-e1c0-4d1f-a730-a12d5460b0d1'),
('05c4fe5d-8c0f-4eff-8ff2-e2e0e91218db', '77953b24-e1c0-4d1f-a730-a12d5460b0d1'),
('05c4fe5d-8c0f-4eff-8ff2-e2e0e91218db', 'e6d397e8-c355-4d68-b9e4-4a1c67daf6fa'),
('77953b24-e1c0-4d1f-a730-a12d5460b0d1', 'e6d397e8-c355-4d68-b9e4-4a1c67daf6fa'),
('77953b24-e1c0-4d1f-a730-a12d5460b0d1', 'c0ec7e3d-8d8b-47b5-9b29-8a4b4c5357c1'),
('e6d397e8-c355-4d68-b9e4-4a1c67daf6fa', 'c0ec7e3d-8d8b-47b5-9b29-8a4b4c5357c1'),
('e6d397e8-c355-4d68-b9e4-4a1c67daf6fa', '8f70a802-6741-48de-9f2f-7f1d184b1687'),
('c0ec7e3d-8d8b-47b5-9b29-8a4b4c5357c1', '8f70a802-6741-48de-9f2f-7f1d184b1687'),
('c0ec7e3d-8d8b-47b5-9b29-8a4b4c5357c1', 'bd2096d2-5b54-432a-9363-a99ed0078c7a'),
('8f70a802-6741-48de-9f2f-7f1d184b1687', 'bd2096d2-5b54-432a-9363-a99ed0078c7a'),
('8f70a802-6741-48de-9f2f-7f1d184b1687', '6542c145-0f0e-432f-8b8c-9a6a53c6b8e8'),
('bd2096d2-5b54-432a-9363-a99ed0078c7a', '6542c145-0f0e-432f-8b8c-9a6a53c6b8e8'),
('bd2096d2-5b54-432a-9363-a99ed0078c7a', 'c3e92b3d-f3b7-4935-baac-68b47054e897'),
('6542c145-0f0e-432f-8b8c-9a6a53c6b8e8', 'c3e92b3d-f3b7-4935-baac-68b47054e897'),
('6542c145-0f0e-432f-8b8c-9a6a53c6b8e8', 'd4b7c7f3-8c6f-4f1a-91ff-ee2a850b2f3e'),
('c3e92b3d-f3b7-4935-baac-68b47054e897', 'd4b7c7f3-8c6f-4f1a-91ff-ee2a850b2f3e'),
('c3e92b3d-f3b7-4935-baac-68b47054e897', 'f30c8c10-d54f-498c-8423-6e1d2dcaae4d'),
('d4b7c7f3-8c6f-4f1a-91ff-ee2a850b2f3e', 'f30c8c10-d54f-498c-8423-6e1d2dcaae4d'),
('d4b7c7f3-8c6f-4f1a-91ff-ee2a850b2f3e', '5fefa585-5a2f-4f4b-b6f5-850768f7c7b8'),
('f30c8c10-d54f-498c-8423-6e1d2dcaae4d', '5fefa585-5a2f-4f4b-b6f5-850768f7c7b8'),
('f30c8c10-d54f-498c-8423-6e1d2dcaae4d', '9f1c4000-6f48-4bda-aa6d-22f0581629d1'),
('5fefa585-5a2f-4f4b-b6f5-850768f7c7b8', '9f1c4000-6f48-4bda-aa6d-22f0581629d1'),
('5fefa585-5a2f-4f4b-b6f5-850768f7c7b8', 'ae93288c-a804-4f40-a97c-6f3572da3b01'),
('9f1c4000-6f48-4bda-aa6d-22f0581629d1', 'ae93288c-a804-4f40-a97c-6f3572da3b01'),
('9f1c4000-6f48-4bda-aa6d-22f0581629d1', '3e5b76a4-c2bf-4c7d-9abf-a59b3e8e0bc2'),
('ae93288c-a804-4f40-a97c-6f3572da3b01', '3e5b76a4-c2bf-4c7d-9abf-a59b3e8e0bc2'),
('ae93288c-a804-4f40-a97c-6f3572da3b01', '9d4a518b-6673-4a91-b179-2b8c68a4f3f3'),
('3e5b76a4-c2bf-4c7d-9abf-a59b3e8e0bc2', '9d4a518b-6673-4a91-b179-2b8c68a4f3f3'),
('3e5b76a4-c2bf-4c7d-9abf-a59b3e8e0bc2', 'c5f5b360-fbfd-4e17-aca3-e2a1d5b25895'),
('9d4a518b-6673-4a91-b179-2b8c68a4f3f3', 'c5f5b360-fbfd-4e17-aca3-e2a1d5b25895'),
('9d4a518b-6673-4a91-b179-2b8c68a4f3f3', '57d9b8a7-d36b-4975-bd4a-a4c5dbe5c5cc'),
('c5f5b360-fbfd-4e17-aca3-e2a1d5b25895', '57d9b8a7-d36b-4975-bd4a-a4c5dbe5c5cc'),
('c5f5b360-fbfd-4e17-aca3-e2a1d5b25895', '2d68f441-d532-4e0d-8f51-c5d086078dd9'),
('57d9b8a7-d36b-4975-bd4a-a4c5dbe5c5cc', '2d68f441-d532-4e0d-8f51-c5d086078dd9'),
('57d9b8a7-d36b-4975-bd4a-a4c5dbe5c5cc', '1b6d3a7a-d9d4-478e-b0c1-8d8c2a4f6c0f'),
('2d68f441-d532-4e0d-8f51-c5d086078dd9', '1b6d3a7a-d9d4-478e-b0c1-8d8c2a4f6c0f'),
('2d68f441-d532-4e0d-8f51-c5d086078dd9', '2e2f662e-c2df-4660-800c-3613b6001bf1'),
('1b6d3a7a-d9d4-478e-b0c1-8d8c2a4f6c0f', '2e2f662e-c2df-4660-800c-3613b6001bf1'),
('1b6d3a7a-d9d4-478e-b0c1-8d8c2a4f6c0f', 'cc3cf857-e7f5-4c0b-9eaa-3f6e4c8d2045'),
('2e2f662e-c2df-4660-800c-3613b6001bf1', 'cc3cf857-e7f5-4c0b-9eaa-3f6e4c8d2045'),
('2e2f662e-c2df-4660-800c-3613b6001bf1', '995a2c8e-cdd5-4c0f-b875-8b6192b6b014'),
('cc3cf857-e7f5-4c0b-9eaa-3f6e4c8d2045', '995a2c8e-cdd5-4c0f-b875-8b6192b6b014'),
('cc3cf857-e7f5-4c0b-9eaa-3f6e4c8d2045', 'fb9eac8d-0aec-4cc2-b5c6-f9eca5c6d408'),
('995a2c8e-cdd5-4c0f-b875-8b6192b6b014', 'fb9eac8d-0aec-4cc2-b5c6-f9eca5c6d408'),
('995a2c8e-cdd5-4c0f-b875-8b6192b6b014', '0fd3aee7-0bd0-4482-a78d-17e3c7d8b4d5'),
('fb9eac8d-0aec-4cc2-b5c6-f9eca5c6d408', '0fd3aee7-0bd0-4482-a78d-17e3c7d8b4d5'),
('fb9eac8d-0aec-4cc2-b5c6-f9eca5c6d408', '41ad644e-bdec-472c-ae5d-9f2d1e7fcb0d'),
('0fd3aee7-0bd0-4482-a78d-17e3c7d8b4d5', '41ad644e-bdec-472c-ae5d-9f2d1e7fcb0d'),
('0fd3aee7-0bd0-4482-a78d-17e3c7d8b4d5', 'c7e1f8b6-d8df-4eca-b45e-736b5d63b4d5'),
('41ad644e-bdec-472c-ae5d-9f2d1e7fcb0d', 'c7e1f8b6-d8df-4eca-b45e-736b5d63b4d5'),
('41ad644e-bdec-472c-ae5d-9f2d1e7fcb0d', 'aac3f3d7-3146-421f-981d-68f02d1352f0'),
('c7e1f8b6-d8df-4eca-b45e-736b5d63b4d5', 'aac3f3d7-3146-421f-981d-68f02d1352f0'),
('c7e1f8b6-d8df-4eca-b45e-736b5d63b4d5', 'a393b54c-01fb-4fd3-a8bb-3395bf603934'),
('aac3f3d7-3146-421f-981d-68f02d1352f0', 'a393b54c-01fb-4fd3-a8bb-3395bf603934'),
('aac3f3d7-3146-421f-981d-68f02d1352f0', '77f3f764-0a2e-4be2-a753-5555af2c4d52'),
('a393b54c-01fb-4fd3-a8bb-3395bf603934', '77f3f764-0a2e-4be2-a753-5555af2c4d52'),
('a393b54c-01fb-4fd3-a8bb-3395bf603934', '71b4bdec-c4a4-413b-b874-e3fc2b8a1235'),
('77f3f764-0a2e-4be2-a753-5555af2c4d52', '71b4bdec-c4a4-413b-b874-e3fc2b8a1235'),
('77f3f764-0a2e-4be2-a753-5555af2c4d52', '39fb8791-3b22-4aad-99d1-27b51a5a3e37'),
('71b4bdec-c4a4-413b-b874-e3fc2b8a1235', '39fb8791-3b22-4aad-99d1-27b51a5a3e37'),
('71b4bdec-c4a4-413b-b874-e3fc2b8a1235', '7cd3c9a2-bc21-4797-b488-67e845a0e79b'),
('39fb8791-3b22-4aad-99d1-27b51a5a3e37', '7cd3c9a2-bc21-4797-b488-67e845a0e79b'),
('39fb8791-3b22-4aad-99d1-27b51a5a3e37', 'ade35692-6d10-4c2f-8c3b-ff7b638d06e7'),
('7cd3c9a2-bc21-4797-b488-67e845a0e79b', 'ade35692-6d10-4c2f-8c3b-ff7b638d06e7'),
('7cd3c9a2-bc21-4797-b488-67e845a0e79b', '89b992ff-29be-49d3-b786-8d2e8d44de55'),
('ade35692-6d10-4c2f-8c3b-ff7b638d06e7', '89b992ff-29be-49d3-b786-8d2e8d44de55'),
('ade35692-6d10-4c2f-8c3b-ff7b638d06e7', 'ec2c9fe3-e8a2-4ec6-a7b5-885e10dd87ec'),
('89b992ff-29be-49d3-b786-8d2e8d44de55', 'ec2c9fe3-e8a2-4ec6-a7b5-885e10dd87ec'),
('89b992ff-29be-49d3-b786-8d2e8d44de55', '3ef8d9f9-88f8-4f39-b73d-261b5a7f2c8a'),
('ec2c9fe3-e8a2-4ec6-a7b5-885e10dd87ec', '3ef8d9f9-88f8-4f39-b73d-261b5a7f2c8a'),
('ec2c9fe3-e8a2-4ec6-a7b5-885e10dd87ec', '07fa60f8-8b91-4c33-bf53-1e4f3b79f597'),
('3ef8d9f9-88f8-4f39-b73d-261b5a7f2c8a', '07fa60f8-8b91-4c33-bf53-1e4f3b79f597'),
('3ef8d9f9-88f8-4f39-b73d-261b5a7f2c8a', 'd6a47f2d-bb31-4f1c-a9df-6b557b2f6b26'),
('07fa60f8-8b91-4c33-bf53-1e4f3b79f597', 'd6a47f2d-bb31-4f1c-a9df-6b557b2f6b26'),
('07fa60f8-8b91-4c33-bf53-1e4f3b79f597', 'b2d7f920-68b2-4ba4-a99e-abf3069f887c'),
('d6a47f2d-bb31-4f1c-a9df-6b557b2f6b26', 'b2d7f920-68b2-4ba4-a99e-abf3069f887c'),
('d6a47f2d-bb31-4f1c-a9df-6b557b2f6b26', '1c3a213b-aa9b-4c8b-a393-4c881522eebb'),
('b2d7f920-68b2-4ba4-a99e-abf3069f887c', '1c3a213b-aa9b-4c8b-a393-4c881522eebb'),
('b2d7f920-68b2-4ba4-a99e-abf3069f887c', 'a8a214b9-c3d1-420e-9e63-3418c9367e81'),
('1c3a213b-aa9b-4c8b-a393-4c881522eebb', 'a8a214b9-c3d1-420e-9e63-3418c9367e81'),
('1c3a213b-aa9b-4c8b-a393-4c881522eebb', '8f5296a1-0df2-49d5-9b69-6c6afe6c8e18'),
('a8a214b9-c3d1-420e-9e63-3418c9367e81', '8f5296a1-0df2-49d5-9b69-6c6afe6c8e18'),
('a8a214b9-c3d1-420e-9e63-3418c9367e81', '5df3c97b-d624-4d55-8a33-4e4d49abdeba'),
('8f5296a1-0df2-49d5-9b69-6c6afe6c8e18', '5df3c97b-d624-4d55-8a33-4e4d49abdeba'),
('8f5296a1-0df2-49d5-9b69-6c6afe6c8e18', '2fd6f336-fc89-45e8-baae-2c8d3ec384cb'),
('5df3c97b-d624-4d55-8a33-4e4d49abdeba', '2fd6f336-fc89-45e8-baae-2c8d3ec384cb'),
('5df3c97b-d624-4d55-8a33-4e4d49abdeba', '71d6e3ac-413b-46f1-9aaf-c36d4056b7c2'),
('2fd6f336-fc89-45e8-baae-2c8d3ec384cb', '71d6e3ac-413b-46f1-9aaf-c36d4056b7c2'),
('2fd6f336-fc89-45e8-baae-2c8d3ec384cb', '67a03545-13d2-45b6-bf01-668c9ee315bb'),
('71d6e3ac-413b-46f1-9aaf-c36d4056b7c2', '67a03545-13d2-45b6-bf01-668c9ee315bb'),
('71d6e3ac-413b-46f1-9aaf-c36d4056b7c2', 'b8107cbb-18fb-49b0-876b-86777a3bafff'),
('67a03545-13d2-45b6-bf01-668c9ee315bb', 'b8107cbb-18fb-49b0-876b-86777a3bafff'),
('67a03545-13d2-45b6-bf01-668c9ee315bb', '11d77e95-f4f2-4a6f-980b-674d81d8c1d8'),
('b8107cbb-18fb-49b0-876b-86777a3bafff', '11d77e95-f4f2-4a6f-980b-674d81d8c1d8'),
('b8107cbb-18fb-49b0-876b-86777a3bafff', '8a145bd2-7b7f-4188-bcdd-1c3a4a7c5e45'),
('11d77e95-f4f2-4a6f-980b-674d81d8c1d8', '8a145bd2-7b7f-4188-bcdd-1c3a4a7c5e45'),
('11d77e95-f4f2-4a6f-980b-674d81d8c1d8', '6ee76a77-2be4-42e3-8417-e60d282cffcb'),
('8a145bd2-7b7f-4188-bcdd-1c3a4a7c5e45', '6ee76a77-2be4-42e3-8417-e60d282cffcb'),
('8a145bd2-7b7f-4188-bcdd-1c3a4a7c5e45', 'b58f5f3f-d5e8-49f3-8b12-cfe33f762b4f');

INSERT INTO [dbo].[Artists] ([Id], [Name], [ImageUrl], [Bio], [CreatedAt], [UpdatedAt], [DeletedAt]) VALUES 
('4e75ecdd-aafe-4c35-836b-1b83fc7b8f88', 'The Weeknd', 'https://example.com/images/the-weeknd.jpg', 'Canadian singer, songwriter, and record producer known for his flamboyant style and broad vocal range.', CAST('2024-03-01T00:00:00.0000000' AS DateTime2), NULL, NULL),
('8c301aa9-6d56-4c06-b1f2-9b9956979345', 'Lana Del Rey', 'https://example.com/images/lana-del-rey.jpg', 'American singer and songwriter noted for her cinematic sound and aesthetic in music videos.', CAST('2024-03-02T00:00:00.0000000' AS DateTime2), NULL, NULL),
('fc3e6343-6f10-42e8-91c9-2d36c0154c42', 'Daft Punk', 'https://example.com/images/daft-punk.jpg', 'French electronic music duo known for their visual stylization and disguises associated with their music.', CAST('2024-03-03T00:00:00.0000000' AS DateTime2), NULL, NULL),
('96de52c4-7dbf-4db1-baed-255c8f9215db', 'Kendrick Lamar', 'https://example.com/images/kendrick-lamar.jpg', 'American rapper and songwriter acclaimed for his progressive musical styles and thoughtful lyrics.', CAST('2024-03-04T00:00:00.0000000' AS DateTime2), NULL, NULL),
('66c4b36e-0fac-4911-9e9a-98d42d8ece10', 'Frank Ocean', 'https://example.com/images/frank-ocean.jpg', 'American singer, songwriter, and photographer known for his idiosyncratic musical approach.', CAST('2024-03-05T00:00:00.0000000' AS DateTime2), NULL, NULL),
('1d9d1b54-6430-45c5-85d6-ae4d2288223f', 'Sam Smith', 'https://example.com/images/sam-smith.jpg', 'English singer and songwriter known for their soulful voice and emotive lyrics.', CAST('2024-03-06T00:00:00.0000000' AS DateTime2), NULL, NULL),
('6fbd52c1-d395-4349-975b-70916be1b8d0', 'Pink Floyd', 'https://example.com/images/pink-floyd.jpg', 'British rock band famed for their philosophical lyrics, sonic experimentation, and elaborate live shows.', CAST('2024-03-07T00:00:00.0000000' AS DateTime2), NULL, NULL),
('b37cefef-c6d2-49a7-8b12-cdeacf5fe4c1', 'Michael Jackson', 'https://example.com/images/michael-jackson.jpg', 'American singer, songwriter, and dancer dubbed the "King of Pop," he is regarded as one of the most significant cultural figures of the 20th century.', CAST('2024-03-08T00:00:00.0000000' AS DateTime2), NULL, NULL),
('08af1af0-b71e-44bc-b5d3-82dab55d6b81', 'David Bowie', 'https://example.com/images/david-bowie.jpg', 'English singer-songwriter and actor known for his reinvention and visual presentation.', CAST('2024-03-09T00:00:00.0000000' AS DateTime2), NULL, NULL),
('2f715aa4-7597-4f8e-9594-1f0245d16a97', 'Taylor Swift', 'https://example.com/images/taylor-swift.jpg', 'American singer-songwriter whose discography spans diverse genres, and is known for her narrative songwriting.', CAST('2024-03-10T00:00:00.0000000' AS DateTime2), NULL, NULL),
('6a1e646b-e42d-4336-88c6-cb44d5f50682', 'Harry Styles', 'https://example.com/images/harry-styles.jpg', 'British singer, songwriter, and actor who began his music career as a member of the boy band One Direction.', CAST('2024-03-11T00:00:00.0000000' AS DateTime2), NULL, NULL),
('3f7b8c31-2f1f-4a5b-8b01-3395bf4c0931', 'Radiohead', 'https://example.com/images/radiohead.jpg', 'English rock band known for their eclectic style and exploration of existential angst and alienation.', CAST('2024-03-12T00:00:00.0000000' AS DateTime2), NULL, NULL),
('3a448c5a-e1c8-456e-955f-ed2f98d87aa6', 'Beyonce', 'https://example.com/images/beyonce.jpg', 'American singer, songwriter, and actress. Born and raised in Houston, Texas, Beyoncé performed in various singing and dancing competitions as a child.', CAST('2024-03-13T00:00:00.0000000' AS DateTime2), NULL, NULL),
('9e198401-4c15-4d2d-b9fb-63001bee256e', 'Adele', 'https://example.com/images/adele.jpg', 'English singer-songwriter who has sold millions of albums worldwide and won a total of 15 Grammys as well as an Oscar.', CAST('2024-03-14T00:00:00.0000000' AS DateTime2), NULL, NULL),
('60d224af-d862-43e5-b6f8-9c977feb2cfe', 'ABBA', 'https://example.com/images/abba.jpg', 'Swedish pop group formed in Stockholm in 1972, known for hits like "Dancing Queen" and "Mamma Mia.', CAST('2024-03-15T00:00:00.0000000' AS DateTime2), NULL, NULL),
('e5b25542-e19b-4661-a5e8-72fa34bfb7c9', 'Ed Sheeran', 'https://example.com/images/ed-sheeran.jpg', 'English singer-songwriter known for his catchy pop songs and heartfelt lyrics.', CAST('2024-03-16T00:00:00.0000000' AS DateTime2), NULL, NULL),
('bdfd8e1e-09f2-4a2b-a2ec-6381b3f63616', 'J Balvin', 'https://example.com/images/j-balvin.jpg', 'Colombian reggaeton singer who has been referred to as the "Prince of Reggaeton" and is one of the best-selling Latin music artists.', CAST('2024-03-17T00:00:00.0000000' AS DateTime2), NULL, NULL),
('7aeef64b-accf-4e2c-8009-1e62cbc85689', 'Travis Scott', 'https://example.com/images/travis-scott.jpg', 'American rapper, singer, songwriter, and record producer known for his highly auto-tuned half-sung/half-rapped vocal style.', CAST('2024-03-18T00:00:00.0000000' AS DateTime2), NULL, NULL),
('f33a1cf0-5c51-4b65-a0fe-88d28cb33155', 'Post Malone', 'https://example.com/images/post-malone.jpg', 'American singer, rapper, and songwriter known for blending genres and subgenres of pop, rap, and rock.', CAST('2024-03-19T00:00:00.0000000' AS DateTime2), NULL, NULL),
('124f550a-50d0-4f6a-b445-1b9a31a48571', 'Amy Winehouse', 'https://example.com/images/amy-winehouse.jpg', 'English singer and songwriter known for her deep, expressive contralto vocals and her eclectic mix of musical genres.', CAST('2024-03-20T00:00:00.0000000' AS DateTime2), NULL, NULL),
('dc3f0a12-0809-4fec-b70d-8a2035fc3cf0', 'Kanye West', 'https://example.com/images/kanye-west.jpg', 'American rapper, singer, songwriter, record producer, and fashion designer, known for his influence on the music industry.', CAST('2024-03-21T00:00:00.0000000' AS DateTime2), NULL, NULL),
('90d3f8b5-a0fd-4616-a5ed-ebea0340b29f', 'Lorde', 'https://example.com/images/lorde.jpg', 'New Zealand singer-songwriter known for her unconventional musical styles and introspective songwriting.', CAST('2024-03-22T00:00:00.0000000' AS DateTime2), NULL, NULL),
('2f41b1f0-bf26-406f-95ff-e29ee92b5a3a', 'Drake', 'https://example.com/images/drake.jpg', 'Canadian rapper, singer, and actor from Toronto. He first gained recognition as an actor on the teen drama television series Degrassi: The Next Generation.', CAST('2024-03-23T00:00:00.0000000' AS DateTime2), NULL, NULL),
('6a9fcd23-2c91-4a32-a3c2-f44e35f1a421', 'Rihanna', 'https://example.com/images/rihanna.jpg', 'Barbadian singer, actress, fashion designer, and businesswoman known for embracing various musical styles and reinventing her image throughout her career.', CAST('2024-03-24T00:00:00.0000000' AS DateTime2), NULL, NULL),
('4b6e5e08-93b2-4f37-8c80-f59c662153e4', 'Dua Lipa', 'https://example.com/images/dua-lipa.jpg', 'English singer and songwriter known for her disco-pop style and strong vocals.', CAST('2024-03-25T00:00:00.0000000' AS DateTime2), NULL, NULL),
('0f9d6cf2-497e-48ff-b1fa-440678951c28', 'Billie Eilish', 'https://example.com/images/billie-eilish.jpg', 'American singer and songwriter known for her ethereal indie pop sounds and unique aesthetic.', CAST('2024-03-26T00:00:00.0000000' AS DateTime2), NULL, NULL),
('e97b22b8-d9a1-4a5e-bfa1-6ba9cc0758cf', 'Alicia Keys', 'https://example.com/images/alicia-keys.jpg', 'American singer-songwriter and musician, known for her soulful voice and emotive piano compositions.', CAST('2024-03-27T00:00:00.0000000' AS DateTime2), NULL, NULL),
('78322f23-3f6f-4420-ad26-3a014f5c5ea5', 'Arctic Monkeys', 'https://example.com/images/arctic-monkeys.jpg', 'British rock band known for their energetic rock sound and detailed lyrics.', CAST('2024-03-28T00:00:00.0000000' AS DateTime2), NULL, NULL),
('2a0c3b05-5f01-4b6b-84ea-b22f8bc301dc', 'Tame Impala', 'https://example.com/images/tame-impala.jpg', 'Australian musical project led by multi-instrumentalist Kevin Parker, known for their distinctive psychedelic sound.', CAST('2024-03-29T00:00:00.0000000' AS DateTime2), NULL, NULL),
('4d905d70-95e3-4e76-bf59-ace2d3ec05ad', 'Grimes', 'https://example.com/images/grimes.jpg', 'Canadian musician and visual artist known for her eclectic music style and high-pitched voice.', CAST('2024-03-30T00:00:00.0000000' AS DateTime2), NULL, NULL),
('9cb82f47-a287-403a-a5c6-0f821d7d4c8a', 'SZA', 'https://example.com/images/sza.jpg', 'American singer-songwriter known for her blend of R&B, soul, and hip-hop and thoughtful, provocative lyrics.', CAST('2024-03-31T00:00:00.0000000' AS DateTime2), NULL, NULL),
('0ac3e817-eda5-4a60-9e8c-6a82e2a3e5f3', 'The Lumineers', 'https://example.com/images/the-lumineers.jpg', 'American folk-rock band known for their rustic sound and emotive lyrics.', CAST('2024-04-01T00:00:00.0000000' AS DateTime2), NULL, NULL),
('cd1f9668-1eed-4a1c-9894-f7b3e3b9b486', 'Tyler, The Creator', 'https://example.com/images/tyler-the-creator.jpg', 'American rapper and producer known for his innovative production and provocative lyrics.', CAST('2024-04-02T00:00:00.0000000' AS DateTime2), NULL, NULL),
('f98851a4-dd7b-45df-83d2-77df1f53f678', 'Norah Jones', 'https://example.com/images/norah-jones.jpg', 'American singer, songwriter, and pianist known for her jazzy voice and ability to blend different genres including jazz and pop.', CAST('2024-04-03T00:00:00.0000000' AS DateTime2), NULL, NULL),
('2ba4fb8c-22d7-4ba6-9e95-1a1bfaa0fb4b', 'John Legend', 'https://example.com/images/john-legend.jpg', 'American singer, songwriter, producer, and actor known for his smooth vocal quality and thoughtful musicianship.', CAST('2024-04-04T00:00:00.0000000' AS DateTime2), NULL, NULL),
('bb90ec41-ce2d-4165-993b-c5ee2aabe8ce', 'Kid Cudi', 'https://example.com/images/kid-cudi.jpg', 'American rapper and actor known for his innovative sound that has influenced a generation of artists.', CAST('2024-04-05T00:00:00.0000000' AS DateTime2), NULL, NULL),
('e1d9cee7-ecde-4d07-bc64-3cec9c3f7b04', 'Khalid', 'https://example.com/images/khalid.jpg', 'American singer known for his rich, soulful voice and introspective themes.', CAST('2024-04-06T00:00:00.0000000' AS DateTime2), NULL, NULL),
('a89d646a-230a-43ee-bd42-7988a4f80711', 'Sufjan Stevens', 'https://example.com/images/sufjan-stevens.jpg', 'American singer-songwriter known for his lyrical and instrumental complexity and exploration of religious and spiritual themes.', CAST('2024-04-07T00:00:00.0000000' AS DateTime2), NULL, NULL),
('d2a3e8cf-b32d-4abe-9ae8-6ce7a89d2f64', 'Hozier', 'https://example.com/images/hozier.jpg', 'Irish singer and songwriter known for his poetic lyrics and soulful rock influences.', CAST('2024-04-08T00:00:00.0000000' AS DateTime2), NULL, NULL),
('fe3b72a5-0aa0-49f3-8407-accf2b081227', 'Maroon 5', 'https://example.com/images/maroon-5.jpg', 'American pop rock band known for their catchy pop hits and dynamic stage presence.', CAST('2024-04-09T00:00:00.0000000' AS DateTime2), NULL, NULL),
('1e00d247-6e57-413e-9ede-d4835f5cfbd1', 'Lady Gaga', 'https://example.com/images/lady-gaga.jpg', 'American singer, songwriter, and actress known for her unconventionality and provocative work as well as visual experimentation.', CAST('2024-04-10T00:00:00.0000000' AS DateTime2), NULL, NULL),
('f32c8b31-d086-4d22-95e3-efb8e6cebbd8', 'Shakira', 'https://example.com/images/shakira.jpg', 'Colombian singer, songwriter, and dancer known for her blend of Latin music with mainstream pop and her energetic belly dancing.', CAST('2024-04-11T00:00:00.0000000' AS DateTime2), NULL, NULL),
('6ab42fcb-33e8-4f13-ba58-c1ad5d98d543', 'Coldplay', 'https://example.com/images/coldplay.jpg', 'British rock band known for their soulful melodies and strong lyrical themes of love and personal introspection.', CAST('2024-04-12T00:00:00.0000000' AS DateTime2), NULL, NULL),
('99aa6f02-c3c4-44fa-aa2a-23f31c2f355b', 'BTS', 'https://example.com/images/bts.jpg', 'South Korean boy band sensation known for their global impact on pop music and dynamic choreography.', CAST('2024-04-13T00:00:00.0000000' AS DateTime2), NULL, NULL),
('f4f1479f-ccb7-4519-a636-fd3f1f8f921c', 'Juanes', 'https://example.com/images/juanes.jpg', 'Colombian rock musician known for his focus on universal themes and his advocacy for peace in Latin America.', CAST('2024-04-14T00:00:00.0000000' AS DateTime2), NULL, NULL),
('d41d8cd9-245e-45ff-a5a7-d5d80a42f118', 'Celine Dion', 'https://example.com/images/celine-dion.jpg', 'Canadian singer known for her powerful vocals and emotional ballads, having achieved global fame.', CAST('2024-04-15T00:00:00.0000000' AS DateTime2), NULL, CAST('2024-04-15T12:00:00.0000000' AS DateTime2)),
('98087cf2-9ae8-46b8-9bba-4cd0f63c8c08', 'Metallica', 'https://example.com/images/metallica.jpg', 'American heavy metal band renowned for their fast tempos, aggressive musicianship, and deep lyrical content.', CAST('2024-04-16T00:00:00.0000000' AS DateTime2), NULL, CAST('2024-04-16T12:00:00.0000000' AS DateTime2)),
('da17e22b-8b95-4f85-83d3-57a1ec9613e7', 'Enrique Iglesias', 'https://example.com/images/enrique-iglesias.jpg', 'Spanish singer, songwriter, and actor known as the King of Latin Pop and one of the best-selling Latin artists.', CAST('2024-04-17T00:00:00.0000000' AS DateTime2), NULL, CAST('2024-04-17T12:00:00.0000000' AS DateTime2)),
('3c16dffc-25a0-45ac-804d-cfcfbe730f1b', 'The Rolling Stones', 'https://example.com/images/the-rolling-stones.jpg', 'English rock band known for their many hits and enduring influence on rock and roll since the 1960s.', CAST('2024-04-18T00:00:00.0000000' AS DateTime2), NULL, CAST('2024-04-18T12:00:00.0000000' AS DateTime2)),
('4fa7fb3d-1aa8-4e91-ba7a-6f4781c01d41', 'Queen', 'https://example.com/images/queen.jpg', 'British rock band famous for their style diversity, elaborate live performances, and classic hits like "Bohemian Rhapsody".', CAST('2024-04-19T00:00:00.0000000' AS DateTime2), NULL, CAST('2024-04-19T12:00:00.0000000' AS DateTime2)),
('b4e62a70-8b1d-4dd3-af8a-b44f6737fb22', 'U2', 'https://example.com/images/u2.jpg', 'Irish rock band internationally acclaimed for their rock anthems and humanitarian efforts.', CAST('2024-04-20T00:00:00.0000000' AS DateTime2), NULL, NULL);

INSERT INTO [dbo].[ArtistLinks] ([ArtistId], [SimilarArtistId]) VALUES 
('4e75ecdd-aafe-4c35-836b-1b83fc7b8f88', '8c301aa9-6d56-4c06-b1f2-9b9956979345'),
('4e75ecdd-aafe-4c35-836b-1b83fc7b8f88', 'fc3e6343-6f10-42e8-91c9-2d36c0154c42'),
('8c301aa9-6d56-4c06-b1f2-9b9956979345', 'fc3e6343-6f10-42e8-91c9-2d36c0154c42'),
('8c301aa9-6d56-4c06-b1f2-9b9956979345', '96de52c4-7dbf-4db1-baed-255c8f9215db'),
('fc3e6343-6f10-42e8-91c9-2d36c0154c42', '96de52c4-7dbf-4db1-baed-255c8f9215db'),
('fc3e6343-6f10-42e8-91c9-2d36c0154c42', '66c4b36e-0fac-4911-9e9a-98d42d8ece10'),
('96de52c4-7dbf-4db1-baed-255c8f9215db', '66c4b36e-0fac-4911-9e9a-98d42d8ece10'),
('96de52c4-7dbf-4db1-baed-255c8f9215db', '1d9d1b54-6430-45c5-85d6-ae4d2288223f'),
('66c4b36e-0fac-4911-9e9a-98d42d8ece10', '1d9d1b54-6430-45c5-85d6-ae4d2288223f'),
('66c4b36e-0fac-4911-9e9a-98d42d8ece10', '6fbd52c1-d395-4349-975b-70916be1b8d0'),
('1d9d1b54-6430-45c5-85d6-ae4d2288223f', '6fbd52c1-d395-4349-975b-70916be1b8d0'),
('1d9d1b54-6430-45c5-85d6-ae4d2288223f', 'b37cefef-c6d2-49a7-8b12-cdeacf5fe4c1'),
('6fbd52c1-d395-4349-975b-70916be1b8d0', 'b37cefef-c6d2-49a7-8b12-cdeacf5fe4c1'),
('6fbd52c1-d395-4349-975b-70916be1b8d0', '08af1af0-b71e-44bc-b5d3-82dab55d6b81'),
('b37cefef-c6d2-49a7-8b12-cdeacf5fe4c1', '08af1af0-b71e-44bc-b5d3-82dab55d6b81'),
('b37cefef-c6d2-49a7-8b12-cdeacf5fe4c1', '2f715aa4-7597-4f8e-9594-1f0245d16a97'),
('08af1af0-b71e-44bc-b5d3-82dab55d6b81', '2f715aa4-7597-4f8e-9594-1f0245d16a97'),
('08af1af0-b71e-44bc-b5d3-82dab55d6b81', '6a1e646b-e42d-4336-88c6-cb44d5f50682'),
('2f715aa4-7597-4f8e-9594-1f0245d16a97', '6a1e646b-e42d-4336-88c6-cb44d5f50682'),
('2f715aa4-7597-4f8e-9594-1f0245d16a97', '3f7b8c31-2f1f-4a5b-8b01-3395bf4c0931'),
('6a1e646b-e42d-4336-88c6-cb44d5f50682', '3f7b8c31-2f1f-4a5b-8b01-3395bf4c0931'),
('6a1e646b-e42d-4336-88c6-cb44d5f50682', '3a448c5a-e1c8-456e-955f-ed2f98d87aa6'),
('3f7b8c31-2f1f-4a5b-8b01-3395bf4c0931', '3a448c5a-e1c8-456e-955f-ed2f98d87aa6'),
('3f7b8c31-2f1f-4a5b-8b01-3395bf4c0931', '9e198401-4c15-4d2d-b9fb-63001bee256e'),
('3a448c5a-e1c8-456e-955f-ed2f98d87aa6', '9e198401-4c15-4d2d-b9fb-63001bee256e'),
('3a448c5a-e1c8-456e-955f-ed2f98d87aa6', '60d224af-d862-43e5-b6f8-9c977feb2cfe'),
('9e198401-4c15-4d2d-b9fb-63001bee256e', '60d224af-d862-43e5-b6f8-9c977feb2cfe'),
('9e198401-4c15-4d2d-b9fb-63001bee256e', 'e5b25542-e19b-4661-a5e8-72fa34bfb7c9'),
('60d224af-d862-43e5-b6f8-9c977feb2cfe', 'e5b25542-e19b-4661-a5e8-72fa34bfb7c9'),
('60d224af-d862-43e5-b6f8-9c977feb2cfe', 'bdfd8e1e-09f2-4a2b-a2ec-6381b3f63616'),
('e5b25542-e19b-4661-a5e8-72fa34bfb7c9', 'bdfd8e1e-09f2-4a2b-a2ec-6381b3f63616'),
('e5b25542-e19b-4661-a5e8-72fa34bfb7c9', '7aeef64b-accf-4e2c-8009-1e62cbc85689'),
('bdfd8e1e-09f2-4a2b-a2ec-6381b3f63616', '7aeef64b-accf-4e2c-8009-1e62cbc85689'),
('bdfd8e1e-09f2-4a2b-a2ec-6381b3f63616', 'f33a1cf0-5c51-4b65-a0fe-88d28cb33155'),
('7aeef64b-accf-4e2c-8009-1e62cbc85689', 'f33a1cf0-5c51-4b65-a0fe-88d28cb33155'),
('7aeef64b-accf-4e2c-8009-1e62cbc85689', '124f550a-50d0-4f6a-b445-1b9a31a48571'),
('f33a1cf0-5c51-4b65-a0fe-88d28cb33155', '124f550a-50d0-4f6a-b445-1b9a31a48571'),
('f33a1cf0-5c51-4b65-a0fe-88d28cb33155', 'dc3f0a12-0809-4fec-b70d-8a2035fc3cf0'),
('124f550a-50d0-4f6a-b445-1b9a31a48571', 'dc3f0a12-0809-4fec-b70d-8a2035fc3cf0'),
('124f550a-50d0-4f6a-b445-1b9a31a48571', '90d3f8b5-a0fd-4616-a5ed-ebea0340b29f'),
('dc3f0a12-0809-4fec-b70d-8a2035fc3cf0', '90d3f8b5-a0fd-4616-a5ed-ebea0340b29f'),
('dc3f0a12-0809-4fec-b70d-8a2035fc3cf0', '2f41b1f0-bf26-406f-95ff-e29ee92b5a3a'),
('90d3f8b5-a0fd-4616-a5ed-ebea0340b29f', '2f41b1f0-bf26-406f-95ff-e29ee92b5a3a'),
('90d3f8b5-a0fd-4616-a5ed-ebea0340b29f', '6a9fcd23-2c91-4a32-a3c2-f44e35f1a421'),
('2f41b1f0-bf26-406f-95ff-e29ee92b5a3a', '6a9fcd23-2c91-4a32-a3c2-f44e35f1a421'),
('2f41b1f0-bf26-406f-95ff-e29ee92b5a3a', '4b6e5e08-93b2-4f37-8c80-f59c662153e4'),
('6a9fcd23-2c91-4a32-a3c2-f44e35f1a421', '4b6e5e08-93b2-4f37-8c80-f59c662153e4'),
('6a9fcd23-2c91-4a32-a3c2-f44e35f1a421', '0f9d6cf2-497e-48ff-b1fa-440678951c28'),
('4b6e5e08-93b2-4f37-8c80-f59c662153e4', '0f9d6cf2-497e-48ff-b1fa-440678951c28'),
('4b6e5e08-93b2-4f37-8c80-f59c662153e4', 'e97b22b8-d9a1-4a5e-bfa1-6ba9cc0758cf'),
('0f9d6cf2-497e-48ff-b1fa-440678951c28', 'e97b22b8-d9a1-4a5e-bfa1-6ba9cc0758cf'),
('0f9d6cf2-497e-48ff-b1fa-440678951c28', '78322f23-3f6f-4420-ad26-3a014f5c5ea5'),
('e97b22b8-d9a1-4a5e-bfa1-6ba9cc0758cf', '78322f23-3f6f-4420-ad26-3a014f5c5ea5'),
('e97b22b8-d9a1-4a5e-bfa1-6ba9cc0758cf', '2a0c3b05-5f01-4b6b-84ea-b22f8bc301dc'),
('78322f23-3f6f-4420-ad26-3a014f5c5ea5', '2a0c3b05-5f01-4b6b-84ea-b22f8bc301dc'),
('78322f23-3f6f-4420-ad26-3a014f5c5ea5', '4d905d70-95e3-4e76-bf59-ace2d3ec05ad'),
('2a0c3b05-5f01-4b6b-84ea-b22f8bc301dc', '4d905d70-95e3-4e76-bf59-ace2d3ec05ad'),
('2a0c3b05-5f01-4b6b-84ea-b22f8bc301dc', '9cb82f47-a287-403a-a5c6-0f821d7d4c8a'),
('4d905d70-95e3-4e76-bf59-ace2d3ec05ad', '9cb82f47-a287-403a-a5c6-0f821d7d4c8a'),
('4d905d70-95e3-4e76-bf59-ace2d3ec05ad', '0ac3e817-eda5-4a60-9e8c-6a82e2a3e5f3'),
('9cb82f47-a287-403a-a5c6-0f821d7d4c8a', '0ac3e817-eda5-4a60-9e8c-6a82e2a3e5f3'),
('9cb82f47-a287-403a-a5c6-0f821d7d4c8a', 'cd1f9668-1eed-4a1c-9894-f7b3e3b9b486'),
('0ac3e817-eda5-4a60-9e8c-6a82e2a3e5f3', 'cd1f9668-1eed-4a1c-9894-f7b3e3b9b486'),
('0ac3e817-eda5-4a60-9e8c-6a82e2a3e5f3', 'f98851a4-dd7b-45df-83d2-77df1f53f678'),
('cd1f9668-1eed-4a1c-9894-f7b3e3b9b486', 'f98851a4-dd7b-45df-83d2-77df1f53f678'),
('cd1f9668-1eed-4a1c-9894-f7b3e3b9b486', '2ba4fb8c-22d7-4ba6-9e95-1a1bfaa0fb4b'),
('f98851a4-dd7b-45df-83d2-77df1f53f678', '2ba4fb8c-22d7-4ba6-9e95-1a1bfaa0fb4b'),
('f98851a4-dd7b-45df-83d2-77df1f53f678', 'bb90ec41-ce2d-4165-993b-c5ee2aabe8ce'),
('2ba4fb8c-22d7-4ba6-9e95-1a1bfaa0fb4b', 'bb90ec41-ce2d-4165-993b-c5ee2aabe8ce'),
('2ba4fb8c-22d7-4ba6-9e95-1a1bfaa0fb4b', 'e1d9cee7-ecde-4d07-bc64-3cec9c3f7b04'),
('bb90ec41-ce2d-4165-993b-c5ee2aabe8ce', 'e1d9cee7-ecde-4d07-bc64-3cec9c3f7b04'),
('bb90ec41-ce2d-4165-993b-c5ee2aabe8ce', 'a89d646a-230a-43ee-bd42-7988a4f80711'),
('e1d9cee7-ecde-4d07-bc64-3cec9c3f7b04', 'a89d646a-230a-43ee-bd42-7988a4f80711'),
('e1d9cee7-ecde-4d07-bc64-3cec9c3f7b04', 'd2a3e8cf-b32d-4abe-9ae8-6ce7a89d2f64'),
('a89d646a-230a-43ee-bd42-7988a4f80711', 'd2a3e8cf-b32d-4abe-9ae8-6ce7a89d2f64'),
('a89d646a-230a-43ee-bd42-7988a4f80711', 'fe3b72a5-0aa0-49f3-8407-accf2b081227'),
('d2a3e8cf-b32d-4abe-9ae8-6ce7a89d2f64', 'fe3b72a5-0aa0-49f3-8407-accf2b081227'),
('d2a3e8cf-b32d-4abe-9ae8-6ce7a89d2f64', '1e00d247-6e57-413e-9ede-d4835f5cfbd1'),
('fe3b72a5-0aa0-49f3-8407-accf2b081227', '1e00d247-6e57-413e-9ede-d4835f5cfbd1'),
('fe3b72a5-0aa0-49f3-8407-accf2b081227', 'f32c8b31-d086-4d22-95e3-efb8e6cebbd8'),
('1e00d247-6e57-413e-9ede-d4835f5cfbd1', 'f32c8b31-d086-4d22-95e3-efb8e6cebbd8'),
('1e00d247-6e57-413e-9ede-d4835f5cfbd1', '6ab42fcb-33e8-4f13-ba58-c1ad5d98d543'),
('f32c8b31-d086-4d22-95e3-efb8e6cebbd8', '6ab42fcb-33e8-4f13-ba58-c1ad5d98d543'),
('f32c8b31-d086-4d22-95e3-efb8e6cebbd8', '99aa6f02-c3c4-44fa-aa2a-23f31c2f355b'),
('6ab42fcb-33e8-4f13-ba58-c1ad5d98d543', '99aa6f02-c3c4-44fa-aa2a-23f31c2f355b'),
('6ab42fcb-33e8-4f13-ba58-c1ad5d98d543', 'b4e62a70-8b1d-4dd3-af8a-b44f6737fb22'),
('99aa6f02-c3c4-44fa-aa2a-23f31c2f355b', 'b4e62a70-8b1d-4dd3-af8a-b44f6737fb22'),
('99aa6f02-c3c4-44fa-aa2a-23f31c2f355b', 'd41d8cd9-245e-45ff-a5a7-d5d80a42f118'),
('b4e62a70-8b1d-4dd3-af8a-b44f6737fb22', 'd41d8cd9-245e-45ff-a5a7-d5d80a42f118'),
('b4e62a70-8b1d-4dd3-af8a-b44f6737fb22', '98087cf2-9ae8-46b8-9bba-4cd0f63c8c08'),
('d41d8cd9-245e-45ff-a5a7-d5d80a42f118', '98087cf2-9ae8-46b8-9bba-4cd0f63c8c08'),
('d41d8cd9-245e-45ff-a5a7-d5d80a42f118', 'da17e22b-8b95-4f85-83d3-57a1ec9613e7'),
('98087cf2-9ae8-46b8-9bba-4cd0f63c8c08', 'da17e22b-8b95-4f85-83d3-57a1ec9613e7'),
('98087cf2-9ae8-46b8-9bba-4cd0f63c8c08', '3c16dffc-25a0-45ac-804d-cfcfbe730f1b'),
('da17e22b-8b95-4f85-83d3-57a1ec9613e7', '3c16dffc-25a0-45ac-804d-cfcfbe730f1b'),
('da17e22b-8b95-4f85-83d3-57a1ec9613e7', '4fa7fb3d-1aa8-4e91-ba7a-6f4781c01d41'),
('3c16dffc-25a0-45ac-804d-cfcfbe730f1b', '4fa7fb3d-1aa8-4e91-ba7a-6f4781c01d41'),
('3c16dffc-25a0-45ac-804d-cfcfbe730f1b', 'f4f1479f-ccb7-4519-a636-fd3f1f8f921c'),
('4fa7fb3d-1aa8-4e91-ba7a-6f4781c01d41', 'f4f1479f-ccb7-4519-a636-fd3f1f8f921c'),
('4fa7fb3d-1aa8-4e91-ba7a-6f4781c01d41', '4e75ecdd-aafe-4c35-836b-1b83fc7b8f88'),
('f4f1479f-ccb7-4519-a636-fd3f1f8f921c', '4e75ecdd-aafe-4c35-836b-1b83fc7b8f88'),
('f4f1479f-ccb7-4519-a636-fd3f1f8f921c', '8c301aa9-6d56-4c06-b1f2-9b9956979345');

INSERT INTO [dbo].[Songs] ([Id], [Title], [ImageUrl], [Genre], [ReleaseDate], [DurationSeconds], [AlbumId], [CreatedAt], [UpdatedAt], [DeletedAt]) VALUES 
-- Songs for The Weeknd's "Starboy"
('64f534f8-f2d4-4402-95a3-54de48b678a8', 'Echo of Silence', 'https://example.com/images/echo-of-silence.jpg', 'Rnb', CAST('2016-11-26' AS Date), 221, '57d9b8a7-d36b-4975-bd4a-a4c5dbe5c5cc', CAST('2024-03-01T00:00:00.0000000' AS DateTime2), NULL, NULL),
('278cfa5a-6f44-420e-9930-07da6c43a6ad', 'Light Show', 'https://example.com/images/light-show.jpg', 'Rnb', CAST('2016-11-28' AS Date), 199, '57d9b8a7-d36b-4975-bd4a-a4c5dbe5c5cc', CAST('2024-03-02T00:00:00.0000000' AS DateTime2), NULL, NULL),
('7ef7351b-912e-4a64-ba6d-cfdfcb7d56af', 'Twilight Zone', 'https://example.com/images/twilight-zone.jpg', 'Rnb', CAST('2016-11-25' AS Date), 205, '57d9b8a7-d36b-4975-bd4a-a4c5dbe5c5cc', CAST('2024-03-03T00:00:00.0000000' AS DateTime2), NULL, NULL),
-- Songs for Lana Del Rey's "Born to Die"
('03b3fb9f-38af-4074-8ab5-b9644ab44397', 'Dark Paradise', 'https://example.com/images/dark-paradise.jpg', 'Pop', CAST('2012-01-27' AS Date), 240, '05c4fe5d-8c0f-4eff-8ff2-e2e0e91218db', CAST('2024-03-04T00:00:00.0000000' AS DateTime2), NULL, NULL),
('3aff8c17-3c98-44ed-a849-1976d2c4a91a', 'Lost in Beauty', 'https://example.com/images/lost-in-beauty.jpg', 'Pop', CAST('2012-01-27' AS Date), 218, '05c4fe5d-8c0f-4eff-8ff2-e2e0e91218db', CAST('2024-03-05T00:00:00.0000000' AS DateTime2), NULL, NULL),
('e7b0024e-cc97-46a8-bd3a-450607eebe3c', 'Summer Time Sadness', 'https://example.com/images/summer-time-sadness.jpg', 'Pop', CAST('2012-02-01' AS Date), 268, '05c4fe5d-8c0f-4eff-8ff2-e2e0e91218db', CAST('2024-03-06T00:00:00.0000000' AS DateTime2), NULL, NULL),
('8a5f664a-c72d-46b2-b12b-b38e4a5ec67f', 'Blue Jeans', 'https://example.com/images/blue-jeans.jpg', 'Pop', CAST('2012-02-03' AS Date), 245, '05c4fe5d-8c0f-4eff-8ff2-e2e0e91218db', CAST('2024-03-07T00:00:00.0000000' AS DateTime2), NULL, NULL),
('83b64a87-6bc5-4b61-9121-505f37b81682', 'Radio', 'https://example.com/images/radio.jpg', 'Pop', CAST('2012-02-05' AS Date), 235, '05c4fe5d-8c0f-4eff-8ff2-e2e0e91218db', CAST('2024-03-08T00:00:00.0000000' AS DateTime2), NULL, NULL),
('23abfe5e-e938-4bf5-93d4-202e2fa3aa3e', 'Carmen', 'https://example.com/images/carmen.jpg', 'Pop', CAST('2012-02-07' AS Date), 249, '05c4fe5d-8c0f-4eff-8ff2-e2e0e91218db', CAST('2024-03-09T00:00:00.0000000' AS DateTime2), NULL, NULL),
-- Songs for Daft Punk's "Random Access Memories"
('48f88f8f-c393-4bda-9812-a748486f404e', 'Night Visions', 'https://example.com/images/night-visions.jpg', 'Electronic', CAST('2013-05-17' AS Date), 337, '77953b24-e1c0-4d1f-a730-a12d5460b0d1', CAST('2024-03-10T00:00:00.0000000' AS DateTime2), NULL, NULL),
('eb6c8e4c-502e-45b4-9a69-387e33cdadb1', 'Synth Dreams', 'https://example.com/images/synth-dreams.jpg', 'Electronic', CAST('2013-05-17' AS Date), 289, '77953b24-e1c0-4d1f-a730-a12d5460b0d1', CAST('2024-03-11T00:00:00.0000000' AS DateTime2), NULL, NULL),
('68b0682b-9ac7-42a2-873a-8e9874e12953', 'Echoes of Tomorrow', 'https://example.com/images/echoes-of-tomorrow.jpg', 'Electronic', CAST('2013-05-17' AS Date), 305, '77953b24-e1c0-4d1f-a730-a12d5460b0d1', CAST('2024-03-12T00:00:00.0000000' AS DateTime2), NULL, NULL),
('1e43835a-4902-4d12-abaf-0bc8f2dae2aa', 'Touch of the Light', 'https://example.com/images/touch-of-the-light.jpg', 'Electronic', CAST('2013-05-21' AS Date), 337, '77953b24-e1c0-4d1f-a730-a12d5460b0d1', CAST('2024-03-13T00:00:00.0000000' AS DateTime2), NULL, NULL),
('19dc1564-8c00-4377-95db-16535a80610a', 'Digital Love', 'https://example.com/images/digital-love.jpg', 'Electronic', CAST('2013-05-23' AS Date), 325, '77953b24-e1c0-4d1f-a730-a12d5460b0d1', CAST('2024-03-14T00:00:00.0000000' AS DateTime2), NULL, NULL),
('b26a4472-db66-4bec-926d-bb53f31083c2', 'Instant Crush', 'https://example.com/images/instant-crush.jpg', 'Electronic', CAST('2013-05-25' AS Date), 337, '77953b24-e1c0-4d1f-a730-a12d5460b0d1', CAST('2024-03-15T00:00:00.0000000' AS DateTime2), NULL, NULL),
('e91a010d-0fa4-4801-bee5-1974e87ab3d2', 'Lose Yourself to Dance', 'https://example.com/images/lose-yourself-to-dance.jpg', 'Electronic', CAST('2013-05-27' AS Date), 354, '77953b24-e1c0-4d1f-a730-a12d5460b0d1', CAST('2024-03-16T00:00:00.0000000' AS DateTime2), NULL, NULL),
-- Songs for Kendrick Lamar's "Good Kid, M.A.A.D City"
('469b6456-1157-43da-a275-88c983fcee9d', 'Streets on Fire', 'https://example.com/images/streets-on-fire.jpg', 'HipHop', CAST('2012-10-22' AS Date), 222, 'e6d397e8-c355-4d68-b9e4-4a1c67daf6fa', CAST('2024-03-17T00:00:00.0000000' AS DateTime2), NULL, NULL),
('c23a762d-0f9f-43b9-8a6a-7a34421ee042', 'The Prelude', 'https://example.com/images/the-prelude.jpg', 'HipHop', CAST('2012-10-22' AS Date), 210, 'e6d397e8-c355-4d68-b9e4-4a1c67daf6fa', CAST('2024-03-18T00:00:00.0000000' AS DateTime2), NULL, NULL),
('80b291d4-5306-4879-8aa1-fec2ea4b6516', 'Dawn Breaks', 'https://example.com/images/dawn-breaks.jpg', 'HipHop', CAST('2012-10-22' AS Date), 237, 'e6d397e8-c355-4d68-b9e4-4a1c67daf6fa', CAST('2024-03-19T00:00:00.0000000' AS DateTime2), NULL, NULL),
('81acd1bf-e6f3-44c4-ad24-c47dc22adc60', 'City Streets', 'https://example.com/images/city-streets.jpg', 'HipHop', CAST('2012-10-25' AS Date), 215, 'e6d397e8-c355-4d68-b9e4-4a1c67daf6fa', CAST('2024-03-20T00:00:00.0000000' AS DateTime2), NULL, NULL),
('0e13b758-e1dc-4f5a-a481-de9ab43934f1', 'Back Home', 'https://example.com/images/back-home.jpg', 'HipHop', CAST('2012-10-27' AS Date), 231, 'e6d397e8-c355-4d68-b9e4-4a1c67daf6fa', CAST('2024-03-21T00:00:00.0000000' AS DateTime2), NULL, NULL),
('9acfdf82-5ffd-474d-8303-b22a2a9ce0f8', 'Compton', 'https://example.com/images/compton.jpg', 'HipHop', CAST('2012-10-29' AS Date), 210, 'e6d397e8-c355-4d68-b9e4-4a1c67daf6fa', CAST('2024-03-22T00:00:00.0000000' AS DateTime2), NULL, NULL),
('586efb75-57ab-43ca-9b85-3bdeeae3ae19', 'Swimming Pools (Drank)', 'https://example.com/images/swimming-pools.jpg', 'HipHop', CAST('2012-10-31' AS Date), 241, 'e6d397e8-c355-4d68-b9e4-4a1c67daf6fa', CAST('2024-03-23T00:00:00.0000000' AS DateTime2), NULL, NULL),
-- Songs for Frank Ocean's "Channel Orange"
('e4be062f-b594-4580-b514-d9d6cdaf2933', 'Endless Sun', 'https://example.com/images/endless-sun.jpg', 'Rnb', CAST('2012-07-10' AS Date), 248, 'c0ec7e3d-8d8b-47b5-9b29-8a4b4c5357c1', CAST('2024-03-24T00:00:00.0000000' AS DateTime2), NULL, NULL),
('0500418e-bfad-4cd1-860d-994cbdc9e2df', 'Silent Waves', 'https://example.com/images/silent-waves.jpg', 'Rnb', CAST('2012-07-10' AS Date), 264, 'c0ec7e3d-8d8b-47b5-9b29-8a4b4c5357c1', CAST('2024-03-25T00:00:00.0000000' AS DateTime2), NULL, NULL),
('bc81df0c-573b-4269-ac2c-2b2667967dbb', 'Ocean Avenue', 'https://example.com/images/ocean-avenue.jpg', 'Rnb', CAST('2012-07-10' AS Date), 312, 'c0ec7e3d-8d8b-47b5-9b29-8a4b4c5357c1', CAST('2024-03-26T00:00:00.0000000' AS DateTime2), NULL, NULL),
('866d5272-594d-423d-b702-cfccbe7a8e44', 'Pyramid Nights', 'https://example.com/images/pyramid-nights.jpg', 'Rnb', CAST('2012-07-12' AS Date), 312, 'c0ec7e3d-8d8b-47b5-9b29-8a4b4c5357c1', CAST('2024-03-27T00:00:00.0000000' AS DateTime2), NULL, NULL),
('5231566f-373d-46a2-af0f-62e1a9ea643b', 'Sweet Life', 'https://example.com/images/sweet-life.jpg', 'Rnb', CAST('2012-07-14' AS Date), 288, 'c0ec7e3d-8d8b-47b5-9b29-8a4b4c5357c1', CAST('2024-03-28T00:00:00.0000000' AS DateTime2), NULL, NULL),
('70eb9a4b-be40-4b01-8534-796bb5f02d90', 'Lost', 'https://example.com/images/lost.jpg', 'Rnb', CAST('2012-07-16' AS Date), 234, 'c0ec7e3d-8d8b-47b5-9b29-8a4b4c5357c1', CAST('2024-03-29T00:00:00.0000000' AS DateTime2), NULL, NULL),
('bb5f149f-8e45-455c-91d1-97639e96f671', 'Super Rich Kids', 'https://example.com/images/super-rich-kids.jpg', 'Rnb', CAST('2012-07-18' AS Date), 303, 'c0ec7e3d-8d8b-47b5-9b29-8a4b4c5357c1', CAST('2024-03-30T00:00:00.0000000' AS DateTime2), NULL, NULL),
-- Songs for Sam Smith's "In the Lonely Hour"
('4a88b128-2471-4f25-b51a-136363ddbe7d', 'Light House', 'https://example.com/images/light-house.jpg', 'Pop', CAST('2014-06-05' AS Date), 242, '8f70a802-6741-48de-9f2f-7f1d184b1687', CAST('2024-03-31T00:00:00.0000000' AS DateTime2), NULL, NULL),
('84b69406-d92e-4feb-a313-f1f373f1958c', 'Moonlight Shadow', 'https://example.com/images/moonlight-shadow.jpg', 'Pop', CAST('2014-06-07' AS Date), 258, '8f70a802-6741-48de-9f2f-7f1d184b1687', CAST('2024-04-01T00:00:00.0000000' AS DateTime2), NULL, NULL),
('ded148fc-19d8-478a-9060-0b4543727d37', 'Stay With Me', 'https://example.com/images/stay-with-me.jpg', 'Pop', CAST('2014-06-09' AS Date), 182, '8f70a802-6741-48de-9f2f-7f1d184b1687', CAST('2024-04-02T00:00:00.0000000' AS DateTime2), NULL, NULL),
('92388b4d-6ff6-4500-9b02-24d4227f3a28', 'Leave Your Lover', 'https://example.com/images/leave-your-lover.jpg', 'Pop', CAST('2014-06-11' AS Date), 206, '8f70a802-6741-48de-9f2f-7f1d184b1687', CAST('2024-04-03T00:00:00.0000000' AS DateTime2), NULL, NULL),
-- Songs for Pink Floyd's "The Dark Side of the Moon"
('e1817fb5-5fb6-44aa-abbf-eda52cc578d7', 'Eclipse Phase', 'https://example.com/images/eclipse-phase.jpg', 'Rock', CAST('1973-04-01' AS Date), 312, 'bd2096d2-5b54-432a-9363-a99ed0078c7a', CAST('2024-04-04T00:00:00.0000000' AS DateTime2), NULL, NULL),
('9a5f706f-ae38-418d-b911-77559d20e076', 'Moons Dark Side', 'https://example.com/images/moons-dark-side.jpg', 'Rock', CAST('1973-04-03' AS Date), 295, 'bd2096d2-5b54-432a-9363-a99ed0078c7a', CAST('2024-04-05T00:00:00.0000000' AS DateTime2), NULL, NULL),
('01db55cc-7d06-4778-b9c1-7ccdc3e3cd13', 'Time', 'https://example.com/images/time.jpg', 'Rock', CAST('1973-04-05' AS Date), 408, 'bd2096d2-5b54-432a-9363-a99ed0078c7a', CAST('2024-04-06T00:00:00.0000000' AS DateTime2), NULL, NULL),
('f80a900f-e0a5-4cc3-8adf-27c6309b81ca', 'The Great Gig in the Sky', 'https://example.com/images/great-gig-in-the-sky.jpg', 'Rock', CAST('1973-04-07' AS Date), 276, 'bd2096d2-5b54-432a-9363-a99ed0078c7a', CAST('2024-04-07T00:00:00.0000000' AS DateTime2), NULL, NULL),
-- Songs for David Bowie's "Blackstar"
('d6a31188-c1b8-4976-b372-aced401f2347', 'Stardust Memories', 'https://example.com/images/stardust-memories.jpg', 'Rock', CAST('2016-01-10' AS Date), 289, 'c3e92b3d-f3b7-4935-baac-68b47054e897', CAST('2024-04-08T00:00:00.0000000' AS DateTime2), NULL, NULL),
('8f0191bc-a242-4cb0-a9ba-38f48e823e54', 'Black Skies', 'https://example.com/images/black-skies.jpg', 'Rock', CAST('2016-01-12' AS Date), 305, 'c3e92b3d-f3b7-4935-baac-68b47054e897', CAST('2024-04-09T00:00:00.0000000' AS DateTime2), NULL, NULL),
('c80e5abb-3759-49eb-8cbe-c2b7ff742072', 'Lazarus', 'https://example.com/images/lazarus.jpg', 'Rock', CAST('2016-01-14' AS Date), 264, 'c3e92b3d-f3b7-4935-baac-68b47054e897', CAST('2024-04-10T00:00:00.0000000' AS DateTime2), NULL, NULL),
('f1647832-8eb1-460d-a5ae-c9fac5e2cd5d', 'I Can''t Give Everything Away', 'https://example.com/images/i-cant-give-everything-away.jpg', 'Rock', CAST('2016-01-16' AS Date), 249, 'c3e92b3d-f3b7-4935-baac-68b47054e897', CAST('2024-04-11T00:00:00.0000000' AS DateTime2), NULL, NULL),
-- Songs for Taylor Swift's "Reputation"
('e3d3e750-7179-4189-9c19-fd546c4493c5', 'New Romantics', 'https://example.com/images/new-romantics.jpg', 'Pop', CAST('2017-11-16' AS Date), 234, '11d77e95-f4f2-4a6f-980b-674d81d8c1d8', CAST('2024-04-12T00:00:00.0000000' AS DateTime2), NULL, NULL),
('2a14abb5-4eea-46e2-bb70-2cf907acbf09', 'End Game', 'https://example.com/images/end-game.jpg', 'Pop', CAST('2017-11-18' AS Date), 245, '11d77e95-f4f2-4a6f-980b-674d81d8c1d8', CAST('2024-04-13T00:00:00.0000000' AS DateTime2), NULL, NULL),
('8f764924-0f7a-49e0-a39d-d29f9c3b1161', 'Delicate', 'https://example.com/images/delicate.jpg', 'Pop', CAST('2017-11-20' AS Date), 228, '11d77e95-f4f2-4a6f-980b-674d81d8c1d8', CAST('2024-04-14T00:00:00.0000000' AS DateTime2), NULL, NULL),
('2dec0615-0284-4260-a0f8-44baa2954bc4', 'Echoes of Glory', 'https://example.com/images/echoes-of-glory.jpg', 'Pop', CAST('2017-11-12' AS Date), 228, '11d77e95-f4f2-4a6f-980b-674d81d8c1d8', CAST('2024-04-15T00:00:00.0000000' AS DateTime2), NULL, NULL),
('55bce552-42e3-4ae9-96d2-6df192f2ac50', 'Silent Screams', 'https://example.com/images/silent-screams.jpg', 'Pop', CAST('2017-11-14' AS Date), 214, '11d77e95-f4f2-4a6f-980b-674d81d8c1d8', CAST('2024-04-16T00:00:00.0000000' AS DateTime2), NULL, NULL),
-- Songs for Harry Styles' "Fine Line"
('7aaaf887-d5e5-47b6-b14b-6dfb7e423ea8', 'Watermelon Sugar', 'https://example.com/images/watermelon-sugar.jpg', 'Pop', CAST('2019-12-15' AS Date), 174, 'd4b7c7f3-8c6f-4f1a-91ff-ee2a850b2f3e', CAST('2024-04-17T00:00:00.0000000' AS DateTime2), NULL, NULL),
('f7a5b648-8efe-41a8-8407-a9a76d8eb6fc', 'Golden Days', 'https://example.com/images/golden-days.jpg', 'Pop', CAST('2019-12-17' AS Date), 210, 'd4b7c7f3-8c6f-4f1a-91ff-ee2a850b2f3e', CAST('2024-04-18T00:00:00.0000000' AS DateTime2), NULL, NULL),
('25d27dd1-8add-421e-93e0-ba7d964ff990', 'Hold Up', 'https://example.com/images/holdup.jpg', 'Rnb', CAST('2019-12-18' AS Date), 251, 'd4b7c7f3-8c6f-4f1a-91ff-ee2a850b2f3e', CAST('2024-04-19T00:00:00.0000000' AS DateTime2), NULL, NULL),
('93218e81-668d-4697-ab5b-e9e04cc9732d', 'Freedom', 'https://example.com/images/freedom.jpg', 'Rnb', CAST('2019-12-18' AS Date), 274, 'd4b7c7f3-8c6f-4f1a-91ff-ee2a850b2f3e', CAST('2024-04-20T00:00:00.0000000' AS DateTime2), NULL, NULL),
('3e5f72f3-c2f9-4771-99c8-5a5ced274ed7', 'Falling', 'https://example.com/images/falling.jpg', 'Pop', CAST('2019-12-19' AS Date), 240, 'd4b7c7f3-8c6f-4f1a-91ff-ee2a850b2f3e', CAST('2024-04-21T00:00:00.0000000' AS DateTime2), NULL, NULL),
('c00dd550-41aa-41e3-890e-abf3c937e62f', 'She', 'https://example.com/images/she.jpg', 'Pop', CAST('2019-12-21' AS Date), 295, 'd4b7c7f3-8c6f-4f1a-91ff-ee2a850b2f3e', CAST('2024-04-22T00:00:00.0000000' AS DateTime2), NULL, NULL),
-- Songs for Adele's "21"
('bd5e6040-ba62-4a5d-aeda-ba81f6f46eea', 'Rolling in the Deep', 'https://example.com/images/rolling-in-the-deep.jpg', 'Pop', CAST('2011-01-29' AS Date), 228, '9d4a518b-6673-4a91-b179-2b8c68a4f3f3', CAST('2024-04-23T00:00:00.0000000' AS DateTime2), NULL, NULL),
('448f0c35-54b1-4bd3-9a37-24b350b50d0f', 'Someone Like You', 'https://example.com/images/someone-like-you.jpg', 'Pop', CAST('2011-01-31' AS Date), 286, '9d4a518b-6673-4a91-b179-2b8c68a4f3f3', CAST('2024-04-24T00:00:00.0000000' AS DateTime2), NULL, NULL),
('835cb2dd-fb45-4605-9445-a2d14d2fba7b', 'Set Fire to the Rain', 'https://example.com/images/set-fire-to-the-rain.jpg', 'Pop', CAST('2011-01-28' AS Date), 242, '9d4a518b-6673-4a91-b179-2b8c68a4f3f3', CAST('2024-04-25T00:00:00.0000000' AS DateTime2), NULL, NULL),
('d38a98c4-5cc7-45a2-93c0-4d03ff9cb496', 'Rumour Has It', 'https://example.com/images/rumour-has-it.jpg', 'Pop', CAST('2011-01-30' AS Date), 223, '9d4a518b-6673-4a91-b179-2b8c68a4f3f3', CAST('2024-04-26T00:00:00.0000000' AS DateTime2), NULL, NULL),
-- Songs for Drake's "Nothing Was the Same"
('34531668-8c68-4ebd-a6a7-36645e9bac97', 'Started From the Bottom', 'https://example.com/images/started-from-the-bottom.jpg', 'HipHop', CAST('2013-09-26' AS Date), 197, '41ad644e-bdec-472c-ae5d-9f2d1e7fcb0d', CAST('2024-04-27T00:00:00.0000000' AS DateTime2), NULL, NULL),
('f2c126f4-0b32-46b1-a293-e4d53fd70d0f', 'Hold On, Were Going Home', 'https://example.com/images/hold-on-were-going-home.jpg', 'HipHop', CAST('2013-09-28' AS Date), 231, '41ad644e-bdec-472c-ae5d-9f2d1e7fcb0d', CAST('2024-04-28T00:00:00.0000000' AS DateTime2), NULL, NULL),
('095f7293-c7b5-4c29-9112-4aa24a8c063a', 'Too Much', 'https://example.com/images/too-much.jpg', 'HipHop', CAST('2013-09-30' AS Date), 250, '41ad644e-bdec-472c-ae5d-9f2d1e7fcb0d', CAST('2024-04-29T00:00:00.0000000' AS DateTime2), NULL, NULL),
('1a4c8801-de6e-4787-b940-69ec4b9e8ad1', 'Wu-Tang Forever', 'https://example.com/images/wutang-forever.jpg', 'HipHop', CAST('2013-10-02' AS Date), 210, '41ad644e-bdec-472c-ae5d-9f2d1e7fcb0d', CAST('2024-04-30T00:00:00.0000000' AS DateTime2), NULL, NULL),
-- Songs for Rihanna's "Anti"
('a1f09d89-9f92-4531-ae83-7d595da08138', 'Work', 'https://example.com/images/work.jpg', 'Pop', CAST('2016-01-30' AS Date), 213, 'c7e1f8b6-d8df-4eca-b45e-736b5d63b4d5', CAST('2024-05-01T00:00:00.0000000' AS DateTime2), NULL, NULL),
('923182ab-0058-40ea-a878-f6ba3dad4f74', 'Desperado', 'https://example.com/images/desperado.jpg', 'Pop', CAST('2016-02-01' AS Date), 192, 'c7e1f8b6-d8df-4eca-b45e-736b5d63b4d5', CAST('2024-05-02T00:00:00.0000000' AS DateTime2), NULL, NULL),
('3c15b1af-8b00-4356-ae83-873a553d99c6', 'Kiss It Better', 'https://example.com/images/kiss-it-better.jpg', 'Pop', CAST('2016-01-28' AS Date), 242, 'c7e1f8b6-d8df-4eca-b45e-736b5d63b4d5', CAST('2024-05-03T00:00:00.0000000' AS DateTime2), NULL, NULL),
('3dab7f91-33f3-4271-a2ff-d9b5eb232068', 'Love on the Brain', 'https://example.com/images/love-on-the-brain.jpg', 'Pop', CAST('2016-01-30' AS Date), 228, 'c7e1f8b6-d8df-4eca-b45e-736b5d63b4d5', CAST('2024-05-04T00:00:00.0000000' AS DateTime2), NULL, NULL),
-- Songs for Arctic Monkeys' "Tranquility Base Hotel & Casino"
('74316db6-7ad9-4570-b837-136944e986ad', 'Four Out Of Five', 'https://example.com/images/four-out-of-five.jpg', 'Rock', CAST('2018-05-13' AS Date), 275, '39fb8791-3b22-4aad-99d1-27b51a5a3e37', CAST('2024-05-05T00:00:00.0000000' AS DateTime2), NULL, NULL),
('4cf28277-1496-4420-ac8a-9c24e1e41181', 'One Point Perspective', 'https://example.com/images/one-point-perspective.jpg', 'Rock', CAST('2018-05-15' AS Date), 243, '39fb8791-3b22-4aad-99d1-27b51a5a3e37', CAST('2024-05-06T00:00:00.0000000' AS DateTime2), NULL, NULL),
('9a9e7afb-d32b-4975-a7ed-d0174761e6e7', 'Star Treatment', 'https://example.com/images/star-treatment.jpg', 'Rock', CAST('2018-05-11' AS Date), 345, '39fb8791-3b22-4aad-99d1-27b51a5a3e37', CAST('2024-05-07T00:00:00.0000000' AS DateTime2), NULL, NULL),
('ad372f33-1ace-46da-b3ef-f9156398a019', 'Batphone', 'https://example.com/images/batphone.jpg', 'Rock', CAST('2018-05-13' AS Date), 300, '39fb8791-3b22-4aad-99d1-27b51a5a3e37', CAST('2024-05-08T00:00:00.0000000' AS DateTime2), NULL, NULL),
-- Songs for Frank Ocean's "Blonde"
('bc795075-07ac-4458-a8a2-56b7d8ab0437', 'Paradise', 'https://example.com/images/paradise.jpg', 'Pop', CAST('2016-08-20' AS Date), 278, '995a2c8e-cdd5-4c0f-b875-8b6192b6b014', CAST('2024-05-09T00:00:00.0000000' AS DateTime2), NULL, NULL),
('72c4be16-5b12-432b-8cec-4fa162788527', 'Moon River', 'https://example.com/images/moon-river.jpg', 'Pop', CAST('2016-08-22' AS Date), 219, '995a2c8e-cdd5-4c0f-b875-8b6192b6b014', CAST('2024-05-10T00:00:00.0000000' AS DateTime2), NULL, NULL),
('f111ef40-05d2-4e04-9856-d63fade4a12d', 'Pink + White', 'https://example.com/images/pink-white.jpg', 'Pop', CAST('2016-08-24' AS Date), 204, '995a2c8e-cdd5-4c0f-b875-8b6192b6b014', CAST('2024-05-11T00:00:00.0000000' AS DateTime2), NULL, NULL),
('f027a18c-3164-42a2-b49b-f299a1477798', 'Nikes', 'https://example.com/images/nikes.jpg', 'Pop', CAST('2016-08-26' AS Date), 314, '995a2c8e-cdd5-4c0f-b875-8b6192b6b014', CAST('2024-05-12T00:00:00.0000000' AS DateTime2), NULL, NULL),
('a19c9d5d-5999-4972-aca8-1990d6c854ea', 'Solo (Reprise)', 'https://example.com/images/solo-reprise.jpg', 'HipHop', CAST('2016-08-21' AS Date), 157, '995a2c8e-cdd5-4c0f-b875-8b6192b6b014', CAST('2024-05-13T00:00:00.0000000' AS DateTime2), NULL, NULL),
-- Songs for ABBA's "Melodrama"
('46d680bc-036d-4e72-bb12-1d8ed212c83a', 'Green Light', 'https://example.com/images/green-light.jpg', 'Pop', CAST('2017-06-16' AS Date), 234, '0fd3aee7-0bd0-4482-a78d-17e3c7d8b4d5', CAST('2024-05-14T00:00:00.0000000' AS DateTime2), NULL, NULL),
('8f162292-9e44-4003-97b8-86fe410c486a', 'Homemade Dynamite', 'https://example.com/images/homemade-dynamite.jpg', 'Pop', CAST('2017-06-18' AS Date), 214, '0fd3aee7-0bd0-4482-a78d-17e3c7d8b4d5', CAST('2024-05-15T00:00:00.0000000' AS DateTime2), NULL, NULL),
('b2c5d58f-9983-48c5-8a1e-96dafdb3307c', 'Liability', 'https://example.com/images/liability.jpg', 'Pop', CAST('2017-06-20' AS Date), 178, '0fd3aee7-0bd0-4482-a78d-17e3c7d8b4d5', CAST('2024-05-16T00:00:00.0000000' AS DateTime2), NULL, NULL),
('d7cc064f-70a0-43ad-bd86-8d200580d6b8', 'Perfect Places', 'https://example.com/images/perfect-places.jpg', 'Pop', CAST('2017-06-22' AS Date), 230, '0fd3aee7-0bd0-4482-a78d-17e3c7d8b4d5', CAST('2024-05-17T00:00:00.0000000' AS DateTime2), NULL, NULL),
-- Songs for Kanye West "Yeezus"
('daf6789f-eb96-423c-9958-82ba17c4517a', 'Rollercoaster', 'https://example.com/images/rollercoaster.jpg', 'Pop', CAST('2013-06-18' AS Date), 212, '89b992ff-29be-49d3-b786-8d2e8d44de55', CAST('2024-05-18T00:00:00.0000000' AS DateTime2), NULL, NULL),
('5248af81-7450-48a8-bce9-d179a79101b3', 'Black Skinhead', 'https://example.com/images/black-skinhead.jpg', 'HipHop', CAST('2013-06-20' AS Date), 188, '89b992ff-29be-49d3-b786-8d2e8d44de55', CAST('2024-05-19T00:00:00.0000000' AS DateTime2), NULL, NULL),
('a8bdf565-b0d2-46dd-aa34-fedd762ff61c', 'Bound 2', 'https://example.com/images/bound2.jpg', 'HipHop', CAST('2013-06-22' AS Date), 223, '89b992ff-29be-49d3-b786-8d2e8d44de55', CAST('2024-05-20T00:00:00.0000000' AS DateTime2), NULL, NULL),
('be8f4a76-9966-4b2f-95ef-067dd7879655', 'I''m In It', 'https://example.com/images/im-in-it.jpg', 'HipHop', CAST('2013-06-19' AS Date), 233, '89b992ff-29be-49d3-b786-8d2e8d44de55', CAST('2024-05-21T00:00:00.0000000' AS DateTime2), NULL, NULL),
('5904e413-0619-4099-afbc-71e133a68511', 'Blood On The Leaves', 'https://example.com/images/blood-on-the-leaves.jpg', 'HipHop', CAST('2013-06-19' AS Date), 306, '89b992ff-29be-49d3-b786-8d2e8d44de55', CAST('2024-05-22T00:00:00.0000000' AS DateTime2), NULL, NULL),
-- Songs for Kendrick Lamar "Pimp a Butterfly"
('a5780fe8-4708-4574-a3de-416064b970d1', 'Reflection', 'https://example.com/images/reflection.jpg', 'Pop', CAST('2015-03-15' AS Date), 228, '71b4bdec-c4a4-413b-b874-e3fc2b8a1235', CAST('2024-05-23T00:00:00.0000000' AS DateTime2), NULL, NULL),
('212c0538-0cb2-4126-bcc9-baaa8265afb2', 'Alright', 'https://example.com/images/alright.jpg', 'HipHop', CAST('2015-03-17' AS Date), 225, '71b4bdec-c4a4-413b-b874-e3fc2b8a1235', CAST('2024-05-24T00:00:00.0000000' AS DateTime2), NULL, CAST('2024-05-24T12:00:00.0000000' AS DateTime2)),
('748d7f2c-0e5d-45cd-8f5d-77da302bbc0c', 'King Kunta', 'https://example.com/images/king-kunta.jpg', 'HipHop', CAST('2015-03-19' AS Date), 234, '71b4bdec-c4a4-413b-b874-e3fc2b8a1235', CAST('2024-05-25T00:00:00.0000000' AS DateTime2), NULL, CAST('2024-05-25T12:00:00.0000000' AS DateTime2)),
('3a2b8ce7-e279-42dd-8905-a42d35bf6fa0', 'The Blacker The Berry', 'https://example.com/images/the-blacker-the-berry.jpg', 'HipHop', CAST('2015-03-16' AS Date), 312, '71b4bdec-c4a4-413b-b874-e3fc2b8a1235', CAST('2024-05-26T00:00:00.0000000' AS DateTime2), NULL, CAST('2024-05-26T12:00:00.0000000' AS DateTime2)),
('af20c27b-e20c-459a-bbde-7603fc8715fc', 'These Walls', 'https://example.com/images/these-walls.jpg', 'HipHop', CAST('2015-03-16' AS Date), 287, '71b4bdec-c4a4-413b-b874-e3fc2b8a1235', CAST('2024-05-27T00:00:00.0000000' AS DateTime2), NULL, CAST('2024-05-27T12:00:00.0000000' AS DateTime2)),
('a23d5a35-4168-40d2-a8eb-cd15f71f120c', 'Complexion (A Zulu Love)', 'https://example.com/images/complexion.jpg', 'HipHop', CAST('2015-03-16' AS Date), 279, '71b4bdec-c4a4-413b-b874-e3fc2b8a1235', CAST('2024-05-28T00:00:00.0000000' AS DateTime2), NULL, CAST('2024-05-28T12:00:00.0000000' AS DateTime2)),
-- Songs for Ed Sheeran's "Divide"
('8b39efa4-ce8d-4617-84e7-45bf095c290a', 'Evening Shadows', 'https://example.com/images/evening-shadows.jpg', 'Jazz', CAST('2021-05-25' AS Date), 194, '2d68f441-d532-4e0d-8f51-c5d086078dd9', CAST('2024-05-29T00:00:00.0000000' AS DateTime2), NULL, NULL);

INSERT INTO [dbo].[SongLinks] ([SongId], [SimilarSongId]) VALUES 
('64f534f8-f2d4-4402-95a3-54de48b678a8', '278cfa5a-6f44-420e-9930-07da6c43a6ad'),
('64f534f8-f2d4-4402-95a3-54de48b678a8', '7ef7351b-912e-4a64-ba6d-cfdfcb7d56af'),
('278cfa5a-6f44-420e-9930-07da6c43a6ad', '7ef7351b-912e-4a64-ba6d-cfdfcb7d56af'),
('278cfa5a-6f44-420e-9930-07da6c43a6ad', '03b3fb9f-38af-4074-8ab5-b9644ab44397'),
('7ef7351b-912e-4a64-ba6d-cfdfcb7d56af', '03b3fb9f-38af-4074-8ab5-b9644ab44397'),
('7ef7351b-912e-4a64-ba6d-cfdfcb7d56af', '3aff8c17-3c98-44ed-a849-1976d2c4a91a'),
('03b3fb9f-38af-4074-8ab5-b9644ab44397', '3aff8c17-3c98-44ed-a849-1976d2c4a91a'),
('03b3fb9f-38af-4074-8ab5-b9644ab44397', 'e7b0024e-cc97-46a8-bd3a-450607eebe3c'),
('3aff8c17-3c98-44ed-a849-1976d2c4a91a', 'e7b0024e-cc97-46a8-bd3a-450607eebe3c'),
('3aff8c17-3c98-44ed-a849-1976d2c4a91a', '8a5f664a-c72d-46b2-b12b-b38e4a5ec67f'),
('e7b0024e-cc97-46a8-bd3a-450607eebe3c', '8a5f664a-c72d-46b2-b12b-b38e4a5ec67f'),
('e7b0024e-cc97-46a8-bd3a-450607eebe3c', '83b64a87-6bc5-4b61-9121-505f37b81682'),
('8a5f664a-c72d-46b2-b12b-b38e4a5ec67f', '83b64a87-6bc5-4b61-9121-505f37b81682'),
('8a5f664a-c72d-46b2-b12b-b38e4a5ec67f', '23abfe5e-e938-4bf5-93d4-202e2fa3aa3e'),
('83b64a87-6bc5-4b61-9121-505f37b81682', '23abfe5e-e938-4bf5-93d4-202e2fa3aa3e'),
('83b64a87-6bc5-4b61-9121-505f37b81682', '48f88f8f-c393-4bda-9812-a748486f404e'),
('23abfe5e-e938-4bf5-93d4-202e2fa3aa3e', '48f88f8f-c393-4bda-9812-a748486f404e'),
('23abfe5e-e938-4bf5-93d4-202e2fa3aa3e', 'eb6c8e4c-502e-45b4-9a69-387e33cdadb1'),
('48f88f8f-c393-4bda-9812-a748486f404e', 'eb6c8e4c-502e-45b4-9a69-387e33cdadb1'),
('48f88f8f-c393-4bda-9812-a748486f404e', '68b0682b-9ac7-42a2-873a-8e9874e12953'),
('eb6c8e4c-502e-45b4-9a69-387e33cdadb1', '68b0682b-9ac7-42a2-873a-8e9874e12953'),
('eb6c8e4c-502e-45b4-9a69-387e33cdadb1', '1e43835a-4902-4d12-abaf-0bc8f2dae2aa'),
('68b0682b-9ac7-42a2-873a-8e9874e12953', '1e43835a-4902-4d12-abaf-0bc8f2dae2aa'),
('68b0682b-9ac7-42a2-873a-8e9874e12953', '19dc1564-8c00-4377-95db-16535a80610a'),
('1e43835a-4902-4d12-abaf-0bc8f2dae2aa', '19dc1564-8c00-4377-95db-16535a80610a'),
('1e43835a-4902-4d12-abaf-0bc8f2dae2aa', 'b26a4472-db66-4bec-926d-bb53f31083c2'),
('19dc1564-8c00-4377-95db-16535a80610a', 'b26a4472-db66-4bec-926d-bb53f31083c2'),
('19dc1564-8c00-4377-95db-16535a80610a', 'e91a010d-0fa4-4801-bee5-1974e87ab3d2'),
('b26a4472-db66-4bec-926d-bb53f31083c2', 'e91a010d-0fa4-4801-bee5-1974e87ab3d2'),
('b26a4472-db66-4bec-926d-bb53f31083c2', '469b6456-1157-43da-a275-88c983fcee9d'),
('e91a010d-0fa4-4801-bee5-1974e87ab3d2', '469b6456-1157-43da-a275-88c983fcee9d'),
('e91a010d-0fa4-4801-bee5-1974e87ab3d2', 'c23a762d-0f9f-43b9-8a6a-7a34421ee042'),
('469b6456-1157-43da-a275-88c983fcee9d', 'c23a762d-0f9f-43b9-8a6a-7a34421ee042'),
('469b6456-1157-43da-a275-88c983fcee9d', '80b291d4-5306-4879-8aa1-fec2ea4b6516'),
('c23a762d-0f9f-43b9-8a6a-7a34421ee042', '80b291d4-5306-4879-8aa1-fec2ea4b6516'),
('c23a762d-0f9f-43b9-8a6a-7a34421ee042', '7ef7351b-912e-4a64-ba6d-cfdfcb7d56af'),
('80b291d4-5306-4879-8aa1-fec2ea4b6516', '81acd1bf-e6f3-44c4-ad24-c47dc22adc60'),
('80b291d4-5306-4879-8aa1-fec2ea4b6516', '0e13b758-e1dc-4f5a-a481-de9ab43934f1'),
('81acd1bf-e6f3-44c4-ad24-c47dc22adc60', '0e13b758-e1dc-4f5a-a481-de9ab43934f1'),
('81acd1bf-e6f3-44c4-ad24-c47dc22adc60', '9acfdf82-5ffd-474d-8303-b22a2a9ce0f8'),
('0e13b758-e1dc-4f5a-a481-de9ab43934f1', '9acfdf82-5ffd-474d-8303-b22a2a9ce0f8'),
('0e13b758-e1dc-4f5a-a481-de9ab43934f1', '586efb75-57ab-43ca-9b85-3bdeeae3ae19'),
('9acfdf82-5ffd-474d-8303-b22a2a9ce0f8', '586efb75-57ab-43ca-9b85-3bdeeae3ae19'),
('9acfdf82-5ffd-474d-8303-b22a2a9ce0f8', 'e4be062f-b594-4580-b514-d9d6cdaf2933'),
('586efb75-57ab-43ca-9b85-3bdeeae3ae19', 'e4be062f-b594-4580-b514-d9d6cdaf2933'),
('586efb75-57ab-43ca-9b85-3bdeeae3ae19', '0500418e-bfad-4cd1-860d-994cbdc9e2df'),
('e4be062f-b594-4580-b514-d9d6cdaf2933', '0500418e-bfad-4cd1-860d-994cbdc9e2df'),
('e4be062f-b594-4580-b514-d9d6cdaf2933', 'bc81df0c-573b-4269-ac2c-2b2667967dbb'),
('0500418e-bfad-4cd1-860d-994cbdc9e2df', 'bc81df0c-573b-4269-ac2c-2b2667967dbb'),
('0500418e-bfad-4cd1-860d-994cbdc9e2df', '866d5272-594d-423d-b702-cfccbe7a8e44'),
('bc81df0c-573b-4269-ac2c-2b2667967dbb', '866d5272-594d-423d-b702-cfccbe7a8e44'),
('bc81df0c-573b-4269-ac2c-2b2667967dbb', '5231566f-373d-46a2-af0f-62e1a9ea643b'),
('866d5272-594d-423d-b702-cfccbe7a8e44', '5231566f-373d-46a2-af0f-62e1a9ea643b'),
('866d5272-594d-423d-b702-cfccbe7a8e44', '70eb9a4b-be40-4b01-8534-796bb5f02d90'),
('5231566f-373d-46a2-af0f-62e1a9ea643b', '70eb9a4b-be40-4b01-8534-796bb5f02d90'),
('5231566f-373d-46a2-af0f-62e1a9ea643b', 'bb5f149f-8e45-455c-91d1-97639e96f671'),
('70eb9a4b-be40-4b01-8534-796bb5f02d90', 'bb5f149f-8e45-455c-91d1-97639e96f671'),
('70eb9a4b-be40-4b01-8534-796bb5f02d90', '4a88b128-2471-4f25-b51a-136363ddbe7d'),
('bb5f149f-8e45-455c-91d1-97639e96f671', '4a88b128-2471-4f25-b51a-136363ddbe7d'),
('bb5f149f-8e45-455c-91d1-97639e96f671', '84b69406-d92e-4feb-a313-f1f373f1958c'),
('4a88b128-2471-4f25-b51a-136363ddbe7d', '84b69406-d92e-4feb-a313-f1f373f1958c'),
('4a88b128-2471-4f25-b51a-136363ddbe7d', 'ded148fc-19d8-478a-9060-0b4543727d37'),
('84b69406-d92e-4feb-a313-f1f373f1958c', 'ded148fc-19d8-478a-9060-0b4543727d37'),
('84b69406-d92e-4feb-a313-f1f373f1958c', '92388b4d-6ff6-4500-9b02-24d4227f3a28'),
('ded148fc-19d8-478a-9060-0b4543727d37', '92388b4d-6ff6-4500-9b02-24d4227f3a28'),
('ded148fc-19d8-478a-9060-0b4543727d37', 'e1817fb5-5fb6-44aa-abbf-eda52cc578d7'),
('92388b4d-6ff6-4500-9b02-24d4227f3a28', 'e1817fb5-5fb6-44aa-abbf-eda52cc578d7'),
('92388b4d-6ff6-4500-9b02-24d4227f3a28', '9a5f706f-ae38-418d-b911-77559d20e076'),
('e1817fb5-5fb6-44aa-abbf-eda52cc578d7', '9a5f706f-ae38-418d-b911-77559d20e076'),
('e1817fb5-5fb6-44aa-abbf-eda52cc578d7', '01db55cc-7d06-4778-b9c1-7ccdc3e3cd13'),
('9a5f706f-ae38-418d-b911-77559d20e076', '01db55cc-7d06-4778-b9c1-7ccdc3e3cd13'),
('9a5f706f-ae38-418d-b911-77559d20e076', 'f80a900f-e0a5-4cc3-8adf-27c6309b81ca'),
('01db55cc-7d06-4778-b9c1-7ccdc3e3cd13', 'f80a900f-e0a5-4cc3-8adf-27c6309b81ca'),
('01db55cc-7d06-4778-b9c1-7ccdc3e3cd13', 'd6a31188-c1b8-4976-b372-aced401f2347'),
('f80a900f-e0a5-4cc3-8adf-27c6309b81ca', 'd6a31188-c1b8-4976-b372-aced401f2347'),
('f80a900f-e0a5-4cc3-8adf-27c6309b81ca', '8f0191bc-a242-4cb0-a9ba-38f48e823e54'),
('d6a31188-c1b8-4976-b372-aced401f2347', '8f0191bc-a242-4cb0-a9ba-38f48e823e54'),
('d6a31188-c1b8-4976-b372-aced401f2347', 'c80e5abb-3759-49eb-8cbe-c2b7ff742072'),
('8f0191bc-a242-4cb0-a9ba-38f48e823e54', 'c80e5abb-3759-49eb-8cbe-c2b7ff742072'),
('8f0191bc-a242-4cb0-a9ba-38f48e823e54', 'f1647832-8eb1-460d-a5ae-c9fac5e2cd5d'),
('c80e5abb-3759-49eb-8cbe-c2b7ff742072', 'f1647832-8eb1-460d-a5ae-c9fac5e2cd5d'),
('c80e5abb-3759-49eb-8cbe-c2b7ff742072', 'e3d3e750-7179-4189-9c19-fd546c4493c5'),
('f1647832-8eb1-460d-a5ae-c9fac5e2cd5d', 'e3d3e750-7179-4189-9c19-fd546c4493c5'),
('f1647832-8eb1-460d-a5ae-c9fac5e2cd5d', '2a14abb5-4eea-46e2-bb70-2cf907acbf09'),
('e3d3e750-7179-4189-9c19-fd546c4493c5', '2a14abb5-4eea-46e2-bb70-2cf907acbf09'),
('e3d3e750-7179-4189-9c19-fd546c4493c5', '8f764924-0f7a-49e0-a39d-d29f9c3b1161'),
('2a14abb5-4eea-46e2-bb70-2cf907acbf09', '8f764924-0f7a-49e0-a39d-d29f9c3b1161'),
('2a14abb5-4eea-46e2-bb70-2cf907acbf09', '2dec0615-0284-4260-a0f8-44baa2954bc4'),
('8f764924-0f7a-49e0-a39d-d29f9c3b1161', '2dec0615-0284-4260-a0f8-44baa2954bc4'),
('8f764924-0f7a-49e0-a39d-d29f9c3b1161', '55bce552-42e3-4ae9-96d2-6df192f2ac50'),
('2dec0615-0284-4260-a0f8-44baa2954bc4', '55bce552-42e3-4ae9-96d2-6df192f2ac50'),
('2dec0615-0284-4260-a0f8-44baa2954bc4', '7aaaf887-d5e5-47b6-b14b-6dfb7e423ea8'),
('55bce552-42e3-4ae9-96d2-6df192f2ac50', '7aaaf887-d5e5-47b6-b14b-6dfb7e423ea8'),
('55bce552-42e3-4ae9-96d2-6df192f2ac50', 'f7a5b648-8efe-41a8-8407-a9a76d8eb6fc'),
('7aaaf887-d5e5-47b6-b14b-6dfb7e423ea8', 'f7a5b648-8efe-41a8-8407-a9a76d8eb6fc'),
('7aaaf887-d5e5-47b6-b14b-6dfb7e423ea8', '25d27dd1-8add-421e-93e0-ba7d964ff990'),
('f7a5b648-8efe-41a8-8407-a9a76d8eb6fc', '25d27dd1-8add-421e-93e0-ba7d964ff990'),
('f7a5b648-8efe-41a8-8407-a9a76d8eb6fc', '93218e81-668d-4697-ab5b-e9e04cc9732d'),
('25d27dd1-8add-421e-93e0-ba7d964ff990', '93218e81-668d-4697-ab5b-e9e04cc9732d'),
('25d27dd1-8add-421e-93e0-ba7d964ff990', '3e5f72f3-c2f9-4771-99c8-5a5ced274ed7'),
('93218e81-668d-4697-ab5b-e9e04cc9732d', '3e5f72f3-c2f9-4771-99c8-5a5ced274ed7'),
('93218e81-668d-4697-ab5b-e9e04cc9732d', 'c00dd550-41aa-41e3-890e-abf3c937e62f'),
('3e5f72f3-c2f9-4771-99c8-5a5ced274ed7', 'c00dd550-41aa-41e3-890e-abf3c937e62f'),
('3e5f72f3-c2f9-4771-99c8-5a5ced274ed7', 'bd5e6040-ba62-4a5d-aeda-ba81f6f46eea'),
('c00dd550-41aa-41e3-890e-abf3c937e62f', 'bd5e6040-ba62-4a5d-aeda-ba81f6f46eea'),
('c00dd550-41aa-41e3-890e-abf3c937e62f', '448f0c35-54b1-4bd3-9a37-24b350b50d0f'),
('bd5e6040-ba62-4a5d-aeda-ba81f6f46eea', '448f0c35-54b1-4bd3-9a37-24b350b50d0f'),
('bd5e6040-ba62-4a5d-aeda-ba81f6f46eea', '835cb2dd-fb45-4605-9445-a2d14d2fba7b'),
('448f0c35-54b1-4bd3-9a37-24b350b50d0f', '835cb2dd-fb45-4605-9445-a2d14d2fba7b'),
('448f0c35-54b1-4bd3-9a37-24b350b50d0f', 'd38a98c4-5cc7-45a2-93c0-4d03ff9cb496'),
('835cb2dd-fb45-4605-9445-a2d14d2fba7b', 'd38a98c4-5cc7-45a2-93c0-4d03ff9cb496'),
('835cb2dd-fb45-4605-9445-a2d14d2fba7b', '34531668-8c68-4ebd-a6a7-36645e9bac97'),
('d38a98c4-5cc7-45a2-93c0-4d03ff9cb496', '34531668-8c68-4ebd-a6a7-36645e9bac97'),
('d38a98c4-5cc7-45a2-93c0-4d03ff9cb496', 'f2c126f4-0b32-46b1-a293-e4d53fd70d0f'),
('34531668-8c68-4ebd-a6a7-36645e9bac97', 'f2c126f4-0b32-46b1-a293-e4d53fd70d0f'),
('34531668-8c68-4ebd-a6a7-36645e9bac97', '095f7293-c7b5-4c29-9112-4aa24a8c063a'),
('f2c126f4-0b32-46b1-a293-e4d53fd70d0f', '095f7293-c7b5-4c29-9112-4aa24a8c063a'),
('f2c126f4-0b32-46b1-a293-e4d53fd70d0f', '1a4c8801-de6e-4787-b940-69ec4b9e8ad1'),
('095f7293-c7b5-4c29-9112-4aa24a8c063a', '1a4c8801-de6e-4787-b940-69ec4b9e8ad1'),
('095f7293-c7b5-4c29-9112-4aa24a8c063a', 'a1f09d89-9f92-4531-ae83-7d595da08138'),
('1a4c8801-de6e-4787-b940-69ec4b9e8ad1', 'a1f09d89-9f92-4531-ae83-7d595da08138'),
('1a4c8801-de6e-4787-b940-69ec4b9e8ad1', '923182ab-0058-40ea-a878-f6ba3dad4f74'),
('a1f09d89-9f92-4531-ae83-7d595da08138', '923182ab-0058-40ea-a878-f6ba3dad4f74'),
('a1f09d89-9f92-4531-ae83-7d595da08138', '3c15b1af-8b00-4356-ae83-873a553d99c6'),
('923182ab-0058-40ea-a878-f6ba3dad4f74', '3c15b1af-8b00-4356-ae83-873a553d99c6'),
('923182ab-0058-40ea-a878-f6ba3dad4f74', '3dab7f91-33f3-4271-a2ff-d9b5eb232068'),
('3c15b1af-8b00-4356-ae83-873a553d99c6', '3dab7f91-33f3-4271-a2ff-d9b5eb232068'),
('3c15b1af-8b00-4356-ae83-873a553d99c6', '74316db6-7ad9-4570-b837-136944e986ad'),
('3dab7f91-33f3-4271-a2ff-d9b5eb232068', '74316db6-7ad9-4570-b837-136944e986ad'),
('3dab7f91-33f3-4271-a2ff-d9b5eb232068', '4cf28277-1496-4420-ac8a-9c24e1e41181'),
('74316db6-7ad9-4570-b837-136944e986ad', '4cf28277-1496-4420-ac8a-9c24e1e41181'),
('74316db6-7ad9-4570-b837-136944e986ad', '9a9e7afb-d32b-4975-a7ed-d0174761e6e7'),
('4cf28277-1496-4420-ac8a-9c24e1e41181', '9a9e7afb-d32b-4975-a7ed-d0174761e6e7'),
('4cf28277-1496-4420-ac8a-9c24e1e41181', 'ad372f33-1ace-46da-b3ef-f9156398a019'),
('9a9e7afb-d32b-4975-a7ed-d0174761e6e7', 'ad372f33-1ace-46da-b3ef-f9156398a019'),
('9a9e7afb-d32b-4975-a7ed-d0174761e6e7', 'bc795075-07ac-4458-a8a2-56b7d8ab0437'),
('ad372f33-1ace-46da-b3ef-f9156398a019', 'bc795075-07ac-4458-a8a2-56b7d8ab0437'),
('ad372f33-1ace-46da-b3ef-f9156398a019', '72c4be16-5b12-432b-8cec-4fa162788527'),
('bc795075-07ac-4458-a8a2-56b7d8ab0437', '72c4be16-5b12-432b-8cec-4fa162788527'),
('bc795075-07ac-4458-a8a2-56b7d8ab0437', 'f111ef40-05d2-4e04-9856-d63fade4a12d'),
('72c4be16-5b12-432b-8cec-4fa162788527', 'f111ef40-05d2-4e04-9856-d63fade4a12d'),
('72c4be16-5b12-432b-8cec-4fa162788527', 'f027a18c-3164-42a2-b49b-f299a1477798'),
('f111ef40-05d2-4e04-9856-d63fade4a12d', 'f027a18c-3164-42a2-b49b-f299a1477798'),
('f111ef40-05d2-4e04-9856-d63fade4a12d', 'a19c9d5d-5999-4972-aca8-1990d6c854ea'),
('f027a18c-3164-42a2-b49b-f299a1477798', 'a19c9d5d-5999-4972-aca8-1990d6c854ea'),
('f027a18c-3164-42a2-b49b-f299a1477798', '46d680bc-036d-4e72-bb12-1d8ed212c83a'),
('a19c9d5d-5999-4972-aca8-1990d6c854ea', '46d680bc-036d-4e72-bb12-1d8ed212c83a'),
('a19c9d5d-5999-4972-aca8-1990d6c854ea', '8f162292-9e44-4003-97b8-86fe410c486a'),
('46d680bc-036d-4e72-bb12-1d8ed212c83a', '8f162292-9e44-4003-97b8-86fe410c486a'),
('46d680bc-036d-4e72-bb12-1d8ed212c83a', 'b2c5d58f-9983-48c5-8a1e-96dafdb3307c'),
('8f162292-9e44-4003-97b8-86fe410c486a', 'b2c5d58f-9983-48c5-8a1e-96dafdb3307c'),
('8f162292-9e44-4003-97b8-86fe410c486a', 'd7cc064f-70a0-43ad-bd86-8d200580d6b8'),
('b2c5d58f-9983-48c5-8a1e-96dafdb3307c', 'd7cc064f-70a0-43ad-bd86-8d200580d6b8'),
('b2c5d58f-9983-48c5-8a1e-96dafdb3307c', 'daf6789f-eb96-423c-9958-82ba17c4517a'),
('d7cc064f-70a0-43ad-bd86-8d200580d6b8', 'daf6789f-eb96-423c-9958-82ba17c4517a'),
('d7cc064f-70a0-43ad-bd86-8d200580d6b8', '5248af81-7450-48a8-bce9-d179a79101b3'),
('daf6789f-eb96-423c-9958-82ba17c4517a', '5248af81-7450-48a8-bce9-d179a79101b3'),
('daf6789f-eb96-423c-9958-82ba17c4517a', 'a8bdf565-b0d2-46dd-aa34-fedd762ff61c'),
('5248af81-7450-48a8-bce9-d179a79101b3', 'a8bdf565-b0d2-46dd-aa34-fedd762ff61c'),
('5248af81-7450-48a8-bce9-d179a79101b3', 'be8f4a76-9966-4b2f-95ef-067dd7879655'),
('a8bdf565-b0d2-46dd-aa34-fedd762ff61c', 'be8f4a76-9966-4b2f-95ef-067dd7879655'),
('a8bdf565-b0d2-46dd-aa34-fedd762ff61c', '5904e413-0619-4099-afbc-71e133a68511'),
('be8f4a76-9966-4b2f-95ef-067dd7879655', '5904e413-0619-4099-afbc-71e133a68511'),
('be8f4a76-9966-4b2f-95ef-067dd7879655', 'a5780fe8-4708-4574-a3de-416064b970d1'),
('5904e413-0619-4099-afbc-71e133a68511', 'a5780fe8-4708-4574-a3de-416064b970d1'),
('5904e413-0619-4099-afbc-71e133a68511', '212c0538-0cb2-4126-bcc9-baaa8265afb2'),
('a5780fe8-4708-4574-a3de-416064b970d1', '212c0538-0cb2-4126-bcc9-baaa8265afb2'),
('a5780fe8-4708-4574-a3de-416064b970d1', '748d7f2c-0e5d-45cd-8f5d-77da302bbc0c'),
('212c0538-0cb2-4126-bcc9-baaa8265afb2', '748d7f2c-0e5d-45cd-8f5d-77da302bbc0c'),
('212c0538-0cb2-4126-bcc9-baaa8265afb2', '3a2b8ce7-e279-42dd-8905-a42d35bf6fa0'),
('748d7f2c-0e5d-45cd-8f5d-77da302bbc0c', '3a2b8ce7-e279-42dd-8905-a42d35bf6fa0'),
('748d7f2c-0e5d-45cd-8f5d-77da302bbc0c', 'af20c27b-e20c-459a-bbde-7603fc8715fc'),
('3a2b8ce7-e279-42dd-8905-a42d35bf6fa0', 'af20c27b-e20c-459a-bbde-7603fc8715fc'),
('3a2b8ce7-e279-42dd-8905-a42d35bf6fa0', 'a23d5a35-4168-40d2-a8eb-cd15f71f120c'),
('af20c27b-e20c-459a-bbde-7603fc8715fc', 'a23d5a35-4168-40d2-a8eb-cd15f71f120c'),
('af20c27b-e20c-459a-bbde-7603fc8715fc', '8b39efa4-ce8d-4617-84e7-45bf095c290a'),
('a23d5a35-4168-40d2-a8eb-cd15f71f120c', '8b39efa4-ce8d-4617-84e7-45bf095c290a'),
('a23d5a35-4168-40d2-a8eb-cd15f71f120c', '64f534f8-f2d4-4402-95a3-54de48b678a8'),
('8b39efa4-ce8d-4617-84e7-45bf095c290a', '64f534f8-f2d4-4402-95a3-54de48b678a8'),
('8b39efa4-ce8d-4617-84e7-45bf095c290a', '278cfa5a-6f44-420e-9930-07da6c43a6ad');

INSERT INTO [dbo].[ArtistSong] ([ArtistsId], [SongsId]) VALUES 
('4e75ecdd-aafe-4c35-836b-1b83fc7b8f88', '64f534f8-f2d4-4402-95a3-54de48b678a8'),
('4e75ecdd-aafe-4c35-836b-1b83fc7b8f88', '278cfa5a-6f44-420e-9930-07da6c43a6ad'),
('4e75ecdd-aafe-4c35-836b-1b83fc7b8f88', '7ef7351b-912e-4a64-ba6d-cfdfcb7d56af'),
('8c301aa9-6d56-4c06-b1f2-9b9956979345', '03b3fb9f-38af-4074-8ab5-b9644ab44397'),
('8c301aa9-6d56-4c06-b1f2-9b9956979345', '3aff8c17-3c98-44ed-a849-1976d2c4a91a'),
('8c301aa9-6d56-4c06-b1f2-9b9956979345', 'e7b0024e-cc97-46a8-bd3a-450607eebe3c'),
('8c301aa9-6d56-4c06-b1f2-9b9956979345', '8a5f664a-c72d-46b2-b12b-b38e4a5ec67f'),
('8c301aa9-6d56-4c06-b1f2-9b9956979345', '83b64a87-6bc5-4b61-9121-505f37b81682'),
('8c301aa9-6d56-4c06-b1f2-9b9956979345', '23abfe5e-e938-4bf5-93d4-202e2fa3aa3e'),
('fc3e6343-6f10-42e8-91c9-2d36c0154c42', '48f88f8f-c393-4bda-9812-a748486f404e'),
('fc3e6343-6f10-42e8-91c9-2d36c0154c42', 'eb6c8e4c-502e-45b4-9a69-387e33cdadb1'),
('fc3e6343-6f10-42e8-91c9-2d36c0154c42', '68b0682b-9ac7-42a2-873a-8e9874e12953'),
('fc3e6343-6f10-42e8-91c9-2d36c0154c42', '1e43835a-4902-4d12-abaf-0bc8f2dae2aa'),
('fc3e6343-6f10-42e8-91c9-2d36c0154c42', '19dc1564-8c00-4377-95db-16535a80610a'),
('fc3e6343-6f10-42e8-91c9-2d36c0154c42', 'b26a4472-db66-4bec-926d-bb53f31083c2'),
('fc3e6343-6f10-42e8-91c9-2d36c0154c42', 'e91a010d-0fa4-4801-bee5-1974e87ab3d2'),
('96de52c4-7dbf-4db1-baed-255c8f9215db', '469b6456-1157-43da-a275-88c983fcee9d'),
('96de52c4-7dbf-4db1-baed-255c8f9215db', 'c23a762d-0f9f-43b9-8a6a-7a34421ee042'),
('96de52c4-7dbf-4db1-baed-255c8f9215db', '80b291d4-5306-4879-8aa1-fec2ea4b6516'),
('96de52c4-7dbf-4db1-baed-255c8f9215db', '81acd1bf-e6f3-44c4-ad24-c47dc22adc60'),
('96de52c4-7dbf-4db1-baed-255c8f9215db', '0e13b758-e1dc-4f5a-a481-de9ab43934f1'),
('96de52c4-7dbf-4db1-baed-255c8f9215db', '9acfdf82-5ffd-474d-8303-b22a2a9ce0f8'),
('96de52c4-7dbf-4db1-baed-255c8f9215db', '586efb75-57ab-43ca-9b85-3bdeeae3ae19'),
('66c4b36e-0fac-4911-9e9a-98d42d8ece10', 'e4be062f-b594-4580-b514-d9d6cdaf2933'),
('66c4b36e-0fac-4911-9e9a-98d42d8ece10', '0500418e-bfad-4cd1-860d-994cbdc9e2df'),
('66c4b36e-0fac-4911-9e9a-98d42d8ece10', 'bc81df0c-573b-4269-ac2c-2b2667967dbb'),
('66c4b36e-0fac-4911-9e9a-98d42d8ece10', '866d5272-594d-423d-b702-cfccbe7a8e44'),
('66c4b36e-0fac-4911-9e9a-98d42d8ece10', '5231566f-373d-46a2-af0f-62e1a9ea643b'),
('66c4b36e-0fac-4911-9e9a-98d42d8ece10', '70eb9a4b-be40-4b01-8534-796bb5f02d90'),
('66c4b36e-0fac-4911-9e9a-98d42d8ece10', 'bb5f149f-8e45-455c-91d1-97639e96f671'),
('1d9d1b54-6430-45c5-85d6-ae4d2288223f', '4a88b128-2471-4f25-b51a-136363ddbe7d'),
('1d9d1b54-6430-45c5-85d6-ae4d2288223f', '84b69406-d92e-4feb-a313-f1f373f1958c'),
('1d9d1b54-6430-45c5-85d6-ae4d2288223f', 'ded148fc-19d8-478a-9060-0b4543727d37'),
('1d9d1b54-6430-45c5-85d6-ae4d2288223f', '92388b4d-6ff6-4500-9b02-24d4227f3a28'),
('6fbd52c1-d395-4349-975b-70916be1b8d0', 'e1817fb5-5fb6-44aa-abbf-eda52cc578d7'),
('6fbd52c1-d395-4349-975b-70916be1b8d0', '9a5f706f-ae38-418d-b911-77559d20e076'),
('6fbd52c1-d395-4349-975b-70916be1b8d0', '01db55cc-7d06-4778-b9c1-7ccdc3e3cd13'),
('6fbd52c1-d395-4349-975b-70916be1b8d0', 'f80a900f-e0a5-4cc3-8adf-27c6309b81ca'),
('08af1af0-b71e-44bc-b5d3-82dab55d6b81', 'd6a31188-c1b8-4976-b372-aced401f2347'),
('08af1af0-b71e-44bc-b5d3-82dab55d6b81', '8f0191bc-a242-4cb0-a9ba-38f48e823e54'),
('08af1af0-b71e-44bc-b5d3-82dab55d6b81', 'c80e5abb-3759-49eb-8cbe-c2b7ff742072'),
('08af1af0-b71e-44bc-b5d3-82dab55d6b81', 'f1647832-8eb1-460d-a5ae-c9fac5e2cd5d'),
('2f715aa4-7597-4f8e-9594-1f0245d16a97', 'e3d3e750-7179-4189-9c19-fd546c4493c5'),
('2f715aa4-7597-4f8e-9594-1f0245d16a97', '2a14abb5-4eea-46e2-bb70-2cf907acbf09'),
('2f715aa4-7597-4f8e-9594-1f0245d16a97', '8f764924-0f7a-49e0-a39d-d29f9c3b1161'),
('2f715aa4-7597-4f8e-9594-1f0245d16a97', '2dec0615-0284-4260-a0f8-44baa2954bc4'),
('2f715aa4-7597-4f8e-9594-1f0245d16a97', '55bce552-42e3-4ae9-96d2-6df192f2ac50'),
('6a1e646b-e42d-4336-88c6-cb44d5f50682', '7aaaf887-d5e5-47b6-b14b-6dfb7e423ea8'),
('6a1e646b-e42d-4336-88c6-cb44d5f50682', 'f7a5b648-8efe-41a8-8407-a9a76d8eb6fc'),
('6a1e646b-e42d-4336-88c6-cb44d5f50682', '25d27dd1-8add-421e-93e0-ba7d964ff990'),
('6a1e646b-e42d-4336-88c6-cb44d5f50682', '93218e81-668d-4697-ab5b-e9e04cc9732d'),
('6a1e646b-e42d-4336-88c6-cb44d5f50682', '3e5f72f3-c2f9-4771-99c8-5a5ced274ed7'),
('6a1e646b-e42d-4336-88c6-cb44d5f50682', 'c00dd550-41aa-41e3-890e-abf3c937e62f'),
('9e198401-4c15-4d2d-b9fb-63001bee256e', 'bd5e6040-ba62-4a5d-aeda-ba81f6f46eea'),
('9e198401-4c15-4d2d-b9fb-63001bee256e', '448f0c35-54b1-4bd3-9a37-24b350b50d0f'),
('9e198401-4c15-4d2d-b9fb-63001bee256e', '835cb2dd-fb45-4605-9445-a2d14d2fba7b'),
('9e198401-4c15-4d2d-b9fb-63001bee256e', 'd38a98c4-5cc7-45a2-93c0-4d03ff9cb496'),
('2f41b1f0-bf26-406f-95ff-e29ee92b5a3a', '34531668-8c68-4ebd-a6a7-36645e9bac97'),
('2f41b1f0-bf26-406f-95ff-e29ee92b5a3a', 'f2c126f4-0b32-46b1-a293-e4d53fd70d0f'),
('2f41b1f0-bf26-406f-95ff-e29ee92b5a3a', '095f7293-c7b5-4c29-9112-4aa24a8c063a'),
('2f41b1f0-bf26-406f-95ff-e29ee92b5a3a', '1a4c8801-de6e-4787-b940-69ec4b9e8ad1'),
('6a9fcd23-2c91-4a32-a3c2-f44e35f1a421', 'a1f09d89-9f92-4531-ae83-7d595da08138'),
('6a9fcd23-2c91-4a32-a3c2-f44e35f1a421', '923182ab-0058-40ea-a878-f6ba3dad4f74'),
('6a9fcd23-2c91-4a32-a3c2-f44e35f1a421', '3c15b1af-8b00-4356-ae83-873a553d99c6'),
('6a9fcd23-2c91-4a32-a3c2-f44e35f1a421', '3dab7f91-33f3-4271-a2ff-d9b5eb232068'),
('78322f23-3f6f-4420-ad26-3a014f5c5ea5', '74316db6-7ad9-4570-b837-136944e986ad'),
('78322f23-3f6f-4420-ad26-3a014f5c5ea5', '4cf28277-1496-4420-ac8a-9c24e1e41181'),
('78322f23-3f6f-4420-ad26-3a014f5c5ea5', '9a9e7afb-d32b-4975-a7ed-d0174761e6e7'),
('78322f23-3f6f-4420-ad26-3a014f5c5ea5', 'ad372f33-1ace-46da-b3ef-f9156398a019'),
('66c4b36e-0fac-4911-9e9a-98d42d8ece10', 'bc795075-07ac-4458-a8a2-56b7d8ab0437'),
('66c4b36e-0fac-4911-9e9a-98d42d8ece10', '72c4be16-5b12-432b-8cec-4fa162788527'),
('66c4b36e-0fac-4911-9e9a-98d42d8ece10', 'f111ef40-05d2-4e04-9856-d63fade4a12d'),
('66c4b36e-0fac-4911-9e9a-98d42d8ece10', 'f027a18c-3164-42a2-b49b-f299a1477798'),
('66c4b36e-0fac-4911-9e9a-98d42d8ece10', 'a19c9d5d-5999-4972-aca8-1990d6c854ea'),
('60d224af-d862-43e5-b6f8-9c977feb2cfe', '46d680bc-036d-4e72-bb12-1d8ed212c83a'),
('60d224af-d862-43e5-b6f8-9c977feb2cfe', '8f162292-9e44-4003-97b8-86fe410c486a'),
('60d224af-d862-43e5-b6f8-9c977feb2cfe', 'b2c5d58f-9983-48c5-8a1e-96dafdb3307c'),
('60d224af-d862-43e5-b6f8-9c977feb2cfe', 'd7cc064f-70a0-43ad-bd86-8d200580d6b8'),
('124f550a-50d0-4f6a-b445-1b9a31a48571', 'daf6789f-eb96-423c-9958-82ba17c4517a'),
('124f550a-50d0-4f6a-b445-1b9a31a48571', '5248af81-7450-48a8-bce9-d179a79101b3'),
('124f550a-50d0-4f6a-b445-1b9a31a48571', 'a8bdf565-b0d2-46dd-aa34-fedd762ff61c'),
('124f550a-50d0-4f6a-b445-1b9a31a48571', 'be8f4a76-9966-4b2f-95ef-067dd7879655'),
('124f550a-50d0-4f6a-b445-1b9a31a48571', '5904e413-0619-4099-afbc-71e133a68511'),
('96de52c4-7dbf-4db1-baed-255c8f9215db', 'a5780fe8-4708-4574-a3de-416064b970d1'),
('96de52c4-7dbf-4db1-baed-255c8f9215db', '212c0538-0cb2-4126-bcc9-baaa8265afb2'),
('96de52c4-7dbf-4db1-baed-255c8f9215db', '748d7f2c-0e5d-45cd-8f5d-77da302bbc0c'),
('96de52c4-7dbf-4db1-baed-255c8f9215db', '3a2b8ce7-e279-42dd-8905-a42d35bf6fa0'),
('96de52c4-7dbf-4db1-baed-255c8f9215db', 'af20c27b-e20c-459a-bbde-7603fc8715fc'),
('96de52c4-7dbf-4db1-baed-255c8f9215db', 'a23d5a35-4168-40d2-a8eb-cd15f71f120c'),
('e5b25542-e19b-4661-a5e8-72fa34bfb7c9', '8b39efa4-ce8d-4617-84e7-45bf095c290a');

INSERT [dbo].[Users] ([Id], [Name], [Email], [PasswordHash], [PasswordSalt], [Mobile], [Address], [Birthday], [Avatar], [EmailNotifications], [Theme], [RoleId], [CreatedAt], [UpdatedAt], [DeletedAt]) VALUES
('0a9e546f-38b4-4dbf-a482-24a82169890e', 'John Doe', 'john.doe@email.com', '2BQB4efoBi4Z5VldE8ErF0qQ47NvO9+0hF0al7PmJ24=', '8N2aeuESLAW/U7ugfotVkA==', '+40721543701', '123 Main St, Boston, USA', CAST('1980-02-15' AS Date), 'https://john-doe-avatar.jpg', 1, 'Dark', 'deaf35ba-fe71-4c21-8a3c-d8e5b32a06fe', CAST('2024-05-01T00:00:00.0000000' AS DateTime2), NULL, NULL),
('7eb88892-549b-4cae-90be-c52088354643', 'Jane Smith', 'jane.smith@email.com', '3JaeXTimekdGh/REM6606mLuKrYRoiR41ZU/G6lB+QY=', 'YQg1izpe9i4sytzAGgHI7Q==', '+40756321802', '456 Oak St, London, UK', CAST('1982-07-10' AS Date), 'https://jane-smith-avatar.jpg', 1, 'Dark', 'deaf35ba-fe71-4c21-8a3c-d8e5b32a06fe', CAST('2024-05-02T00:00:00.0000000' AS DateTime2), NULL, NULL),
('36712aa4-77f0-4510-8425-cf53dad54840', 'Michael Johnson', 'michael.johnson@email.com', 'hwITjH+aBIuqnoBtW2QYYaL07ZYfdhzFtO3f5FMLps4=', 'bFfX/bLhotMNHzTFJm6mOg==', '+40789712303', '789 Pine St, Madrid, Spain', CAST('1990-11-20' AS Date), 'https://michael-johnson-avatar.jpg', 1, 'Dark', 'deaf35ba-fe71-4c21-8a3c-d8e5b32a06fe', CAST('2024-05-03T00:00:00.0000000' AS DateTime2), NULL, NULL),
('cb83d524-2016-4ce3-965b-223af9e7ba99', 'Laura Brown', 'laura.brown@email.com', '3s4NRoTE5JNNU3oBn1Nu7/TvBCb7oEJ4rG6NDRoeYyo=', 'sqNvyZ7e7GkjoEqU9YfMAw==', '+40734289604', '333 Elm St, Paris, France', CAST('1985-08-25' AS Date), 'https://laura-brown-avatar.jpg', 1, 'Dark', '2fc8f207-5af0-402f-84d0-e1c7fa7336a6', CAST('2024-05-04T00:00:00.0000000' AS DateTime2), NULL, NULL),
('9c6a5f06-b1f0-4507-b2f8-955156a8bed6', 'Robert Davis', 'robert.davis@email.com', '5iTYDGwqxY+oxmeR/tv0LYx+9nu8nxWUoPEyjTXKsPA=', 'Nsh49T0WsVz+bOVqLNnzdA==', '+40754321805', '555 Oak St, Berlin, Germany', CAST('1988-05-12' AS Date), 'https://robert-davis-avatar.jpg', 1, 'Dark', '2fc8f207-5af0-402f-84d0-e1c7fa7336a6', CAST('2024-05-05T00:00:00.0000000' AS DateTime2), NULL, NULL),
('ff3dd044-ebfb-4e1d-9050-b6dcfe684a1a', 'Emily Wilson', 'emily.wilson@email.com', 'gG3FRFHv+UsSpIZt721JS8sJ5xyzleeSBL7+r5GiUsA=', 'jyjr+pUA1grf5+b2JYWLQw==', '+40789012606', '777 Pine St, Sydney, Australia', CAST('1995-09-08' AS Date), 'https://emily-wilson-avatar.jpg', 0, 'Light', '2fc8f207-5af0-402f-84d0-e1c7fa7336a6', CAST('2024-05-06T00:00:00.0000000' AS DateTime2), NULL, CAST('2024-05-06T12:00:00.0000000' AS DateTime2)),
('f2a1edb1-332f-4c2f-af59-6b5508eafbec', 'Michaela Taylor', 'michaela.taylor@email.com', 'bA1qhE2oW/YKJ+/wIP72g6RddIqtXz20bjsnwLu0/AY=', 'Mq6REd3vYBoqGTaoyJ0mHA==', '+40723145607', '999 Elm St, Rome, Italy', CAST('1983-12-07' AS Date), 'https://michaela-taylor-avatar.jpg', 0, 'Light', '2fc8f207-5af0-402f-84d0-e1c7fa7336a6', CAST('2024-05-07T00:00:00.0000000' AS DateTime2), NULL, CAST('2024-05-07T12:00:00.0000000' AS DateTime2)),
('14a3d4c4-fb21-4153-9096-d96bda62ee59', 'David Anderson', 'david.anderson@email.com', '+reqhXnGiShHUC5sxP02v23kKaYjedIRfZAYg9/3Mkw=', 'I+vzT0Q0h9v6BokkhHH40g==', '+40787654308', '111 Oak St, Moscow, Russia', CAST('1992-04-23' AS Date), 'https://david-anderson-avatar.jpg', 0, 'Light', '61ee6dda-e18a-4eb9-a736-3f95ba5537f7', CAST('2024-05-08T00:00:00.0000000' AS DateTime2), NULL, CAST('2024-05-08T12:00:00.0000000' AS DateTime2)),
('978d41ee-1f38-4c84-8826-8e62bc5ba109', 'Sophia Garcia', 'sophia.garcia@email.com', 'vBz8hkle8HsLLhVuCFuQaaYJw4ds0CmxCJBvacBp/pU=', '8auwB8NbccCHKdS1S+9sUg==', '+40754321809', '333 Pine St, Athens, Greece', CAST('1998-07-30' AS Date), 'https://sophia-garcia-avatar.jpg', 0, 'Light', '61ee6dda-e18a-4eb9-a736-3f95ba5537f7', CAST('2024-05-09T00:00:00.0000000' AS DateTime2), NULL, CAST('2024-05-09T12:00:00.0000000' AS DateTime2)),
('da189940-d09e-4587-9665-8efdf10684dd', 'Joseph Wilson', 'joseph.wilson@email.com', '+BiUsbLF9nCTfJJyoZCMQz8yVuD1FNfmWQZ7w8K8ucU=', 'MHN0/ddi3b/HJXWTGm2RNw==', '+40789012610', '555 Elm St, Madrid, Spain', CAST('1991-03-14' AS Date), 'https://joseph-wilson-avatar.jpg', 0, 'Light', '61ee6dda-e18a-4eb9-a736-3f95ba5537f7', CAST('2024-05-10T00:00:00.0000000' AS DateTime2), NULL, CAST('2024-05-10T12:00:00.0000000' AS DateTime2)),
('a3daa48b-ece1-430e-a609-32e6c79c232f', 'Olivia Martinez', 'olivia.martinez@email.com', 'HevTSA0PtWByNjcE4cuWAHj8Xo15o0DqPrKDtQ/iOro=', 'zhbTGpnXdSQedOoZX3E8Vw==', '+40723145611', '777 Oak St, Tokyo, Japan', CAST('1999-10-17' AS Date), 'https://olivia-martinez-avatar.jpg', 0, 'SystemDefault', '61ee6dda-e18a-4eb9-a736-3f95ba5537f7', CAST('2024-05-11T00:00:00.0000000' AS DateTime2), NULL, NULL);

INSERT INTO [dbo].[AuthorityUser] ([AuthoritiesId], [UsersId]) VALUES 
('75e924c3-34e7-46ef-b521-7331e36caadd', '0a9e546f-38b4-4dbf-a482-24a82169890e'),
('362b20cf-3636-49ed-9489-d2700339efce', '0a9e546f-38b4-4dbf-a482-24a82169890e'),
('3cc47e2d-b14e-472f-9868-fbb90b15f18e', '0a9e546f-38b4-4dbf-a482-24a82169890e'),
('59525baa-6eaa-42d8-b213-9094af0d604b', '0a9e546f-38b4-4dbf-a482-24a82169890e'),
('75e924c3-34e7-46ef-b521-7331e36caadd', '7eb88892-549b-4cae-90be-c52088354643'),
('362b20cf-3636-49ed-9489-d2700339efce', '7eb88892-549b-4cae-90be-c52088354643'),
('3cc47e2d-b14e-472f-9868-fbb90b15f18e', '7eb88892-549b-4cae-90be-c52088354643'),
('59525baa-6eaa-42d8-b213-9094af0d604b', '7eb88892-549b-4cae-90be-c52088354643'),
('75e924c3-34e7-46ef-b521-7331e36caadd', '36712aa4-77f0-4510-8425-cf53dad54840'),
('362b20cf-3636-49ed-9489-d2700339efce', '36712aa4-77f0-4510-8425-cf53dad54840'),
('3cc47e2d-b14e-472f-9868-fbb90b15f18e', '36712aa4-77f0-4510-8425-cf53dad54840'),
('59525baa-6eaa-42d8-b213-9094af0d604b', '36712aa4-77f0-4510-8425-cf53dad54840'),
('75e924c3-34e7-46ef-b521-7331e36caadd', 'cb83d524-2016-4ce3-965b-223af9e7ba99'),
('362b20cf-3636-49ed-9489-d2700339efce', 'cb83d524-2016-4ce3-965b-223af9e7ba99'),
('3cc47e2d-b14e-472f-9868-fbb90b15f18e', 'cb83d524-2016-4ce3-965b-223af9e7ba99'),
('75e924c3-34e7-46ef-b521-7331e36caadd', '9c6a5f06-b1f0-4507-b2f8-955156a8bed6'),
('362b20cf-3636-49ed-9489-d2700339efce', '9c6a5f06-b1f0-4507-b2f8-955156a8bed6'),
('3cc47e2d-b14e-472f-9868-fbb90b15f18e', '9c6a5f06-b1f0-4507-b2f8-955156a8bed6'),
('75e924c3-34e7-46ef-b521-7331e36caadd', 'ff3dd044-ebfb-4e1d-9050-b6dcfe684a1a'),
('362b20cf-3636-49ed-9489-d2700339efce', 'ff3dd044-ebfb-4e1d-9050-b6dcfe684a1a'),
('3cc47e2d-b14e-472f-9868-fbb90b15f18e', 'ff3dd044-ebfb-4e1d-9050-b6dcfe684a1a'),
('75e924c3-34e7-46ef-b521-7331e36caadd', 'f2a1edb1-332f-4c2f-af59-6b5508eafbec'),
('75e924c3-34e7-46ef-b521-7331e36caadd', '14a3d4c4-fb21-4153-9096-d96bda62ee59'),
('75e924c3-34e7-46ef-b521-7331e36caadd', '978d41ee-1f38-4c84-8826-8e62bc5ba109'),
('75e924c3-34e7-46ef-b521-7331e36caadd', 'da189940-d09e-4587-9665-8efdf10684dd'),
('75e924c3-34e7-46ef-b521-7331e36caadd', 'a3daa48b-ece1-430e-a609-32e6c79c232f');

INSERT [dbo].[UserArtists] ([UserId], [ArtistId], [IsFollowing]) VALUES
('0a9e546f-38b4-4dbf-a482-24a82169890e', '4e75ecdd-aafe-4c35-836b-1b83fc7b8f88', 1),
('0a9e546f-38b4-4dbf-a482-24a82169890e', '8c301aa9-6d56-4c06-b1f2-9b9956979345', 1),
('0a9e546f-38b4-4dbf-a482-24a82169890e', 'fc3e6343-6f10-42e8-91c9-2d36c0154c42', 1),
('0a9e546f-38b4-4dbf-a482-24a82169890e', '96de52c4-7dbf-4db1-baed-255c8f9215db', 1),
('0a9e546f-38b4-4dbf-a482-24a82169890e', '66c4b36e-0fac-4911-9e9a-98d42d8ece10', 1),
('0a9e546f-38b4-4dbf-a482-24a82169890e', '1d9d1b54-6430-45c5-85d6-ae4d2288223f', 1),
('0a9e546f-38b4-4dbf-a482-24a82169890e', '6fbd52c1-d395-4349-975b-70916be1b8d0', 1),
('0a9e546f-38b4-4dbf-a482-24a82169890e', 'b37cefef-c6d2-49a7-8b12-cdeacf5fe4c1', 1),
('0a9e546f-38b4-4dbf-a482-24a82169890e', '08af1af0-b71e-44bc-b5d3-82dab55d6b81', 1),
('0a9e546f-38b4-4dbf-a482-24a82169890e', '2f715aa4-7597-4f8e-9594-1f0245d16a97', 1),
('0a9e546f-38b4-4dbf-a482-24a82169890e', '6a1e646b-e42d-4336-88c6-cb44d5f50682', 0),
('0a9e546f-38b4-4dbf-a482-24a82169890e', '3f7b8c31-2f1f-4a5b-8b01-3395bf4c0931', 0),
('0a9e546f-38b4-4dbf-a482-24a82169890e', '3a448c5a-e1c8-456e-955f-ed2f98d87aa6', 0),
('0a9e546f-38b4-4dbf-a482-24a82169890e', '9e198401-4c15-4d2d-b9fb-63001bee256e', 0),
('0a9e546f-38b4-4dbf-a482-24a82169890e', '60d224af-d862-43e5-b6f8-9c977feb2cfe', 0),
('0a9e546f-38b4-4dbf-a482-24a82169890e', 'e5b25542-e19b-4661-a5e8-72fa34bfb7c9', 0),
('0a9e546f-38b4-4dbf-a482-24a82169890e', 'bdfd8e1e-09f2-4a2b-a2ec-6381b3f63616', 0),
('0a9e546f-38b4-4dbf-a482-24a82169890e', '7aeef64b-accf-4e2c-8009-1e62cbc85689', 0),
('0a9e546f-38b4-4dbf-a482-24a82169890e', 'f33a1cf0-5c51-4b65-a0fe-88d28cb33155', 0),
('0a9e546f-38b4-4dbf-a482-24a82169890e', '124f550a-50d0-4f6a-b445-1b9a31a48571', 0),
('0a9e546f-38b4-4dbf-a482-24a82169890e', 'dc3f0a12-0809-4fec-b70d-8a2035fc3cf0', 0),
('0a9e546f-38b4-4dbf-a482-24a82169890e', '90d3f8b5-a0fd-4616-a5ed-ebea0340b29f', 0),
('0a9e546f-38b4-4dbf-a482-24a82169890e', '2f41b1f0-bf26-406f-95ff-e29ee92b5a3a', 0),
('0a9e546f-38b4-4dbf-a482-24a82169890e', '6a9fcd23-2c91-4a32-a3c2-f44e35f1a421', 0),
('0a9e546f-38b4-4dbf-a482-24a82169890e', '4b6e5e08-93b2-4f37-8c80-f59c662153e4', 0),
('0a9e546f-38b4-4dbf-a482-24a82169890e', '0f9d6cf2-497e-48ff-b1fa-440678951c28', 0),
('0a9e546f-38b4-4dbf-a482-24a82169890e', 'e97b22b8-d9a1-4a5e-bfa1-6ba9cc0758cf', 0),
('0a9e546f-38b4-4dbf-a482-24a82169890e', '78322f23-3f6f-4420-ad26-3a014f5c5ea5', 0),
('0a9e546f-38b4-4dbf-a482-24a82169890e', '2a0c3b05-5f01-4b6b-84ea-b22f8bc301dc', 0),
('0a9e546f-38b4-4dbf-a482-24a82169890e', '4d905d70-95e3-4e76-bf59-ace2d3ec05ad', 0),
('0a9e546f-38b4-4dbf-a482-24a82169890e', '9cb82f47-a287-403a-a5c6-0f821d7d4c8a', 0),
('0a9e546f-38b4-4dbf-a482-24a82169890e', '0ac3e817-eda5-4a60-9e8c-6a82e2a3e5f3', 0),
('0a9e546f-38b4-4dbf-a482-24a82169890e', 'cd1f9668-1eed-4a1c-9894-f7b3e3b9b486', 0),
('0a9e546f-38b4-4dbf-a482-24a82169890e', 'f98851a4-dd7b-45df-83d2-77df1f53f678', 0),
('0a9e546f-38b4-4dbf-a482-24a82169890e', '2ba4fb8c-22d7-4ba6-9e95-1a1bfaa0fb4b', 0),
('0a9e546f-38b4-4dbf-a482-24a82169890e', 'bb90ec41-ce2d-4165-993b-c5ee2aabe8ce', 0),
('0a9e546f-38b4-4dbf-a482-24a82169890e', 'e1d9cee7-ecde-4d07-bc64-3cec9c3f7b04', 0),
('0a9e546f-38b4-4dbf-a482-24a82169890e', 'a89d646a-230a-43ee-bd42-7988a4f80711', 0),
('0a9e546f-38b4-4dbf-a482-24a82169890e', 'd2a3e8cf-b32d-4abe-9ae8-6ce7a89d2f64', 0),
('0a9e546f-38b4-4dbf-a482-24a82169890e', 'fe3b72a5-0aa0-49f3-8407-accf2b081227', 0),
('0a9e546f-38b4-4dbf-a482-24a82169890e', '1e00d247-6e57-413e-9ede-d4835f5cfbd1', 0),
('0a9e546f-38b4-4dbf-a482-24a82169890e', 'f32c8b31-d086-4d22-95e3-efb8e6cebbd8', 0),
('0a9e546f-38b4-4dbf-a482-24a82169890e', '6ab42fcb-33e8-4f13-ba58-c1ad5d98d543', 0),
('0a9e546f-38b4-4dbf-a482-24a82169890e', '99aa6f02-c3c4-44fa-aa2a-23f31c2f355b', 0),
('0a9e546f-38b4-4dbf-a482-24a82169890e', 'f4f1479f-ccb7-4519-a636-fd3f1f8f921c', 0),
('0a9e546f-38b4-4dbf-a482-24a82169890e', 'd41d8cd9-245e-45ff-a5a7-d5d80a42f118', 0),
('0a9e546f-38b4-4dbf-a482-24a82169890e', '98087cf2-9ae8-46b8-9bba-4cd0f63c8c08', 0),
('0a9e546f-38b4-4dbf-a482-24a82169890e', 'da17e22b-8b95-4f85-83d3-57a1ec9613e7', 0),
('0a9e546f-38b4-4dbf-a482-24a82169890e', '3c16dffc-25a0-45ac-804d-cfcfbe730f1b', 0),
('0a9e546f-38b4-4dbf-a482-24a82169890e', '4fa7fb3d-1aa8-4e91-ba7a-6f4781c01d41', 0),
('0a9e546f-38b4-4dbf-a482-24a82169890e', 'b4e62a70-8b1d-4dd3-af8a-b44f6737fb22', 0),

('7eb88892-549b-4cae-90be-c52088354643', '4e75ecdd-aafe-4c35-836b-1b83fc7b8f88', 1),
('7eb88892-549b-4cae-90be-c52088354643', '8c301aa9-6d56-4c06-b1f2-9b9956979345', 1),
('7eb88892-549b-4cae-90be-c52088354643', 'fc3e6343-6f10-42e8-91c9-2d36c0154c42', 1),
('7eb88892-549b-4cae-90be-c52088354643', '96de52c4-7dbf-4db1-baed-255c8f9215db', 1),
('7eb88892-549b-4cae-90be-c52088354643', '66c4b36e-0fac-4911-9e9a-98d42d8ece10', 1),
('7eb88892-549b-4cae-90be-c52088354643', '1d9d1b54-6430-45c5-85d6-ae4d2288223f', 1),
('7eb88892-549b-4cae-90be-c52088354643', '6fbd52c1-d395-4349-975b-70916be1b8d0', 1),
('7eb88892-549b-4cae-90be-c52088354643', 'b37cefef-c6d2-49a7-8b12-cdeacf5fe4c1', 1),
('7eb88892-549b-4cae-90be-c52088354643', '08af1af0-b71e-44bc-b5d3-82dab55d6b81', 1),
('7eb88892-549b-4cae-90be-c52088354643', '2f715aa4-7597-4f8e-9594-1f0245d16a97', 0),
('7eb88892-549b-4cae-90be-c52088354643', '6a1e646b-e42d-4336-88c6-cb44d5f50682', 0),
('7eb88892-549b-4cae-90be-c52088354643', '3f7b8c31-2f1f-4a5b-8b01-3395bf4c0931', 0),
('7eb88892-549b-4cae-90be-c52088354643', '3a448c5a-e1c8-456e-955f-ed2f98d87aa6', 0),
('7eb88892-549b-4cae-90be-c52088354643', '9e198401-4c15-4d2d-b9fb-63001bee256e', 0),
('7eb88892-549b-4cae-90be-c52088354643', '60d224af-d862-43e5-b6f8-9c977feb2cfe', 0),
('7eb88892-549b-4cae-90be-c52088354643', 'e5b25542-e19b-4661-a5e8-72fa34bfb7c9', 0),
('7eb88892-549b-4cae-90be-c52088354643', 'bdfd8e1e-09f2-4a2b-a2ec-6381b3f63616', 0),
('7eb88892-549b-4cae-90be-c52088354643', '7aeef64b-accf-4e2c-8009-1e62cbc85689', 0),
('7eb88892-549b-4cae-90be-c52088354643', 'f33a1cf0-5c51-4b65-a0fe-88d28cb33155', 0),
('7eb88892-549b-4cae-90be-c52088354643', '124f550a-50d0-4f6a-b445-1b9a31a48571', 0),
('7eb88892-549b-4cae-90be-c52088354643', 'dc3f0a12-0809-4fec-b70d-8a2035fc3cf0', 0),
('7eb88892-549b-4cae-90be-c52088354643', '90d3f8b5-a0fd-4616-a5ed-ebea0340b29f', 0),
('7eb88892-549b-4cae-90be-c52088354643', '2f41b1f0-bf26-406f-95ff-e29ee92b5a3a', 0),
('7eb88892-549b-4cae-90be-c52088354643', '6a9fcd23-2c91-4a32-a3c2-f44e35f1a421', 0),
('7eb88892-549b-4cae-90be-c52088354643', '4b6e5e08-93b2-4f37-8c80-f59c662153e4', 0),
('7eb88892-549b-4cae-90be-c52088354643', '0f9d6cf2-497e-48ff-b1fa-440678951c28', 0),
('7eb88892-549b-4cae-90be-c52088354643', 'e97b22b8-d9a1-4a5e-bfa1-6ba9cc0758cf', 0),
('7eb88892-549b-4cae-90be-c52088354643', '78322f23-3f6f-4420-ad26-3a014f5c5ea5', 0),
('7eb88892-549b-4cae-90be-c52088354643', '2a0c3b05-5f01-4b6b-84ea-b22f8bc301dc', 0),
('7eb88892-549b-4cae-90be-c52088354643', '4d905d70-95e3-4e76-bf59-ace2d3ec05ad', 0),
('7eb88892-549b-4cae-90be-c52088354643', '9cb82f47-a287-403a-a5c6-0f821d7d4c8a', 0),
('7eb88892-549b-4cae-90be-c52088354643', '0ac3e817-eda5-4a60-9e8c-6a82e2a3e5f3', 0),
('7eb88892-549b-4cae-90be-c52088354643', 'cd1f9668-1eed-4a1c-9894-f7b3e3b9b486', 0),
('7eb88892-549b-4cae-90be-c52088354643', 'f98851a4-dd7b-45df-83d2-77df1f53f678', 0),
('7eb88892-549b-4cae-90be-c52088354643', '2ba4fb8c-22d7-4ba6-9e95-1a1bfaa0fb4b', 0),
('7eb88892-549b-4cae-90be-c52088354643', 'bb90ec41-ce2d-4165-993b-c5ee2aabe8ce', 0),
('7eb88892-549b-4cae-90be-c52088354643', 'e1d9cee7-ecde-4d07-bc64-3cec9c3f7b04', 0),
('7eb88892-549b-4cae-90be-c52088354643', 'a89d646a-230a-43ee-bd42-7988a4f80711', 0),
('7eb88892-549b-4cae-90be-c52088354643', 'd2a3e8cf-b32d-4abe-9ae8-6ce7a89d2f64', 0),
('7eb88892-549b-4cae-90be-c52088354643', 'fe3b72a5-0aa0-49f3-8407-accf2b081227', 0),
('7eb88892-549b-4cae-90be-c52088354643', '1e00d247-6e57-413e-9ede-d4835f5cfbd1', 0),
('7eb88892-549b-4cae-90be-c52088354643', 'f32c8b31-d086-4d22-95e3-efb8e6cebbd8', 0),
('7eb88892-549b-4cae-90be-c52088354643', '6ab42fcb-33e8-4f13-ba58-c1ad5d98d543', 0),
('7eb88892-549b-4cae-90be-c52088354643', '99aa6f02-c3c4-44fa-aa2a-23f31c2f355b', 0),
('7eb88892-549b-4cae-90be-c52088354643', 'f4f1479f-ccb7-4519-a636-fd3f1f8f921c', 0),
('7eb88892-549b-4cae-90be-c52088354643', 'd41d8cd9-245e-45ff-a5a7-d5d80a42f118', 0),
('7eb88892-549b-4cae-90be-c52088354643', '98087cf2-9ae8-46b8-9bba-4cd0f63c8c08', 0),
('7eb88892-549b-4cae-90be-c52088354643', 'da17e22b-8b95-4f85-83d3-57a1ec9613e7', 0),
('7eb88892-549b-4cae-90be-c52088354643', '3c16dffc-25a0-45ac-804d-cfcfbe730f1b', 0),
('7eb88892-549b-4cae-90be-c52088354643', '4fa7fb3d-1aa8-4e91-ba7a-6f4781c01d41', 0),
('7eb88892-549b-4cae-90be-c52088354643', 'b4e62a70-8b1d-4dd3-af8a-b44f6737fb22', 0),

('36712aa4-77f0-4510-8425-cf53dad54840', '4e75ecdd-aafe-4c35-836b-1b83fc7b8f88', 1),
('36712aa4-77f0-4510-8425-cf53dad54840', '8c301aa9-6d56-4c06-b1f2-9b9956979345', 1),
('36712aa4-77f0-4510-8425-cf53dad54840', 'fc3e6343-6f10-42e8-91c9-2d36c0154c42', 1),
('36712aa4-77f0-4510-8425-cf53dad54840', '96de52c4-7dbf-4db1-baed-255c8f9215db', 1),
('36712aa4-77f0-4510-8425-cf53dad54840', '66c4b36e-0fac-4911-9e9a-98d42d8ece10', 1),
('36712aa4-77f0-4510-8425-cf53dad54840', '1d9d1b54-6430-45c5-85d6-ae4d2288223f', 1),
('36712aa4-77f0-4510-8425-cf53dad54840', '6fbd52c1-d395-4349-975b-70916be1b8d0', 1),
('36712aa4-77f0-4510-8425-cf53dad54840', 'b37cefef-c6d2-49a7-8b12-cdeacf5fe4c1', 1),
('36712aa4-77f0-4510-8425-cf53dad54840', '08af1af0-b71e-44bc-b5d3-82dab55d6b81', 0),
('36712aa4-77f0-4510-8425-cf53dad54840', '2f715aa4-7597-4f8e-9594-1f0245d16a97', 0),
('36712aa4-77f0-4510-8425-cf53dad54840', '6a1e646b-e42d-4336-88c6-cb44d5f50682', 0),
('36712aa4-77f0-4510-8425-cf53dad54840', '3f7b8c31-2f1f-4a5b-8b01-3395bf4c0931', 0),
('36712aa4-77f0-4510-8425-cf53dad54840', '3a448c5a-e1c8-456e-955f-ed2f98d87aa6', 0),
('36712aa4-77f0-4510-8425-cf53dad54840', '9e198401-4c15-4d2d-b9fb-63001bee256e', 0),
('36712aa4-77f0-4510-8425-cf53dad54840', '60d224af-d862-43e5-b6f8-9c977feb2cfe', 0),
('36712aa4-77f0-4510-8425-cf53dad54840', 'e5b25542-e19b-4661-a5e8-72fa34bfb7c9', 0),
('36712aa4-77f0-4510-8425-cf53dad54840', 'bdfd8e1e-09f2-4a2b-a2ec-6381b3f63616', 0),
('36712aa4-77f0-4510-8425-cf53dad54840', '7aeef64b-accf-4e2c-8009-1e62cbc85689', 0),
('36712aa4-77f0-4510-8425-cf53dad54840', 'f33a1cf0-5c51-4b65-a0fe-88d28cb33155', 0),
('36712aa4-77f0-4510-8425-cf53dad54840', '124f550a-50d0-4f6a-b445-1b9a31a48571', 0),
('36712aa4-77f0-4510-8425-cf53dad54840', 'dc3f0a12-0809-4fec-b70d-8a2035fc3cf0', 0),
('36712aa4-77f0-4510-8425-cf53dad54840', '90d3f8b5-a0fd-4616-a5ed-ebea0340b29f', 0),
('36712aa4-77f0-4510-8425-cf53dad54840', '2f41b1f0-bf26-406f-95ff-e29ee92b5a3a', 0),
('36712aa4-77f0-4510-8425-cf53dad54840', '6a9fcd23-2c91-4a32-a3c2-f44e35f1a421', 0),
('36712aa4-77f0-4510-8425-cf53dad54840', '4b6e5e08-93b2-4f37-8c80-f59c662153e4', 0),
('36712aa4-77f0-4510-8425-cf53dad54840', '0f9d6cf2-497e-48ff-b1fa-440678951c28', 0),
('36712aa4-77f0-4510-8425-cf53dad54840', 'e97b22b8-d9a1-4a5e-bfa1-6ba9cc0758cf', 0),
('36712aa4-77f0-4510-8425-cf53dad54840', '78322f23-3f6f-4420-ad26-3a014f5c5ea5', 0),
('36712aa4-77f0-4510-8425-cf53dad54840', '2a0c3b05-5f01-4b6b-84ea-b22f8bc301dc', 0),
('36712aa4-77f0-4510-8425-cf53dad54840', '4d905d70-95e3-4e76-bf59-ace2d3ec05ad', 0),
('36712aa4-77f0-4510-8425-cf53dad54840', '9cb82f47-a287-403a-a5c6-0f821d7d4c8a', 0),
('36712aa4-77f0-4510-8425-cf53dad54840', '0ac3e817-eda5-4a60-9e8c-6a82e2a3e5f3', 0),
('36712aa4-77f0-4510-8425-cf53dad54840', 'cd1f9668-1eed-4a1c-9894-f7b3e3b9b486', 0),
('36712aa4-77f0-4510-8425-cf53dad54840', 'f98851a4-dd7b-45df-83d2-77df1f53f678', 0),
('36712aa4-77f0-4510-8425-cf53dad54840', '2ba4fb8c-22d7-4ba6-9e95-1a1bfaa0fb4b', 0),
('36712aa4-77f0-4510-8425-cf53dad54840', 'bb90ec41-ce2d-4165-993b-c5ee2aabe8ce', 0),
('36712aa4-77f0-4510-8425-cf53dad54840', 'e1d9cee7-ecde-4d07-bc64-3cec9c3f7b04', 0),
('36712aa4-77f0-4510-8425-cf53dad54840', 'a89d646a-230a-43ee-bd42-7988a4f80711', 0),
('36712aa4-77f0-4510-8425-cf53dad54840', 'd2a3e8cf-b32d-4abe-9ae8-6ce7a89d2f64', 0),
('36712aa4-77f0-4510-8425-cf53dad54840', 'fe3b72a5-0aa0-49f3-8407-accf2b081227', 0),
('36712aa4-77f0-4510-8425-cf53dad54840', '1e00d247-6e57-413e-9ede-d4835f5cfbd1', 0),
('36712aa4-77f0-4510-8425-cf53dad54840', 'f32c8b31-d086-4d22-95e3-efb8e6cebbd8', 0),
('36712aa4-77f0-4510-8425-cf53dad54840', '6ab42fcb-33e8-4f13-ba58-c1ad5d98d543', 0),
('36712aa4-77f0-4510-8425-cf53dad54840', '99aa6f02-c3c4-44fa-aa2a-23f31c2f355b', 0),
('36712aa4-77f0-4510-8425-cf53dad54840', 'f4f1479f-ccb7-4519-a636-fd3f1f8f921c', 0),
('36712aa4-77f0-4510-8425-cf53dad54840', 'd41d8cd9-245e-45ff-a5a7-d5d80a42f118', 0),
('36712aa4-77f0-4510-8425-cf53dad54840', '98087cf2-9ae8-46b8-9bba-4cd0f63c8c08', 0),
('36712aa4-77f0-4510-8425-cf53dad54840', 'da17e22b-8b95-4f85-83d3-57a1ec9613e7', 0),
('36712aa4-77f0-4510-8425-cf53dad54840', '3c16dffc-25a0-45ac-804d-cfcfbe730f1b', 0),
('36712aa4-77f0-4510-8425-cf53dad54840', '4fa7fb3d-1aa8-4e91-ba7a-6f4781c01d41', 0),
('36712aa4-77f0-4510-8425-cf53dad54840', 'b4e62a70-8b1d-4dd3-af8a-b44f6737fb22', 0),

('cb83d524-2016-4ce3-965b-223af9e7ba99', '4e75ecdd-aafe-4c35-836b-1b83fc7b8f88', 1),
('cb83d524-2016-4ce3-965b-223af9e7ba99', '8c301aa9-6d56-4c06-b1f2-9b9956979345', 1),
('cb83d524-2016-4ce3-965b-223af9e7ba99', 'fc3e6343-6f10-42e8-91c9-2d36c0154c42', 1),
('cb83d524-2016-4ce3-965b-223af9e7ba99', '96de52c4-7dbf-4db1-baed-255c8f9215db', 1),
('cb83d524-2016-4ce3-965b-223af9e7ba99', '66c4b36e-0fac-4911-9e9a-98d42d8ece10', 1),
('cb83d524-2016-4ce3-965b-223af9e7ba99', '1d9d1b54-6430-45c5-85d6-ae4d2288223f', 1),
('cb83d524-2016-4ce3-965b-223af9e7ba99', '6fbd52c1-d395-4349-975b-70916be1b8d0', 1),
('cb83d524-2016-4ce3-965b-223af9e7ba99', 'b37cefef-c6d2-49a7-8b12-cdeacf5fe4c1', 0),
('cb83d524-2016-4ce3-965b-223af9e7ba99', '08af1af0-b71e-44bc-b5d3-82dab55d6b81', 0),
('cb83d524-2016-4ce3-965b-223af9e7ba99', '2f715aa4-7597-4f8e-9594-1f0245d16a97', 0),
('cb83d524-2016-4ce3-965b-223af9e7ba99', '6a1e646b-e42d-4336-88c6-cb44d5f50682', 0),
('cb83d524-2016-4ce3-965b-223af9e7ba99', '3f7b8c31-2f1f-4a5b-8b01-3395bf4c0931', 0),
('cb83d524-2016-4ce3-965b-223af9e7ba99', '3a448c5a-e1c8-456e-955f-ed2f98d87aa6', 0),
('cb83d524-2016-4ce3-965b-223af9e7ba99', '9e198401-4c15-4d2d-b9fb-63001bee256e', 0),
('cb83d524-2016-4ce3-965b-223af9e7ba99', '60d224af-d862-43e5-b6f8-9c977feb2cfe', 0),
('cb83d524-2016-4ce3-965b-223af9e7ba99', 'e5b25542-e19b-4661-a5e8-72fa34bfb7c9', 0),
('cb83d524-2016-4ce3-965b-223af9e7ba99', 'bdfd8e1e-09f2-4a2b-a2ec-6381b3f63616', 0),
('cb83d524-2016-4ce3-965b-223af9e7ba99', '7aeef64b-accf-4e2c-8009-1e62cbc85689', 0),
('cb83d524-2016-4ce3-965b-223af9e7ba99', 'f33a1cf0-5c51-4b65-a0fe-88d28cb33155', 0),
('cb83d524-2016-4ce3-965b-223af9e7ba99', '124f550a-50d0-4f6a-b445-1b9a31a48571', 0),
('cb83d524-2016-4ce3-965b-223af9e7ba99', 'dc3f0a12-0809-4fec-b70d-8a2035fc3cf0', 0),
('cb83d524-2016-4ce3-965b-223af9e7ba99', '90d3f8b5-a0fd-4616-a5ed-ebea0340b29f', 0),
('cb83d524-2016-4ce3-965b-223af9e7ba99', '2f41b1f0-bf26-406f-95ff-e29ee92b5a3a', 0),
('cb83d524-2016-4ce3-965b-223af9e7ba99', '6a9fcd23-2c91-4a32-a3c2-f44e35f1a421', 0),
('cb83d524-2016-4ce3-965b-223af9e7ba99', '4b6e5e08-93b2-4f37-8c80-f59c662153e4', 0),
('cb83d524-2016-4ce3-965b-223af9e7ba99', '0f9d6cf2-497e-48ff-b1fa-440678951c28', 0),
('cb83d524-2016-4ce3-965b-223af9e7ba99', 'e97b22b8-d9a1-4a5e-bfa1-6ba9cc0758cf', 0),
('cb83d524-2016-4ce3-965b-223af9e7ba99', '78322f23-3f6f-4420-ad26-3a014f5c5ea5', 0),
('cb83d524-2016-4ce3-965b-223af9e7ba99', '2a0c3b05-5f01-4b6b-84ea-b22f8bc301dc', 0),
('cb83d524-2016-4ce3-965b-223af9e7ba99', '4d905d70-95e3-4e76-bf59-ace2d3ec05ad', 0),
('cb83d524-2016-4ce3-965b-223af9e7ba99', '9cb82f47-a287-403a-a5c6-0f821d7d4c8a', 0),
('cb83d524-2016-4ce3-965b-223af9e7ba99', '0ac3e817-eda5-4a60-9e8c-6a82e2a3e5f3', 0),
('cb83d524-2016-4ce3-965b-223af9e7ba99', 'cd1f9668-1eed-4a1c-9894-f7b3e3b9b486', 0),
('cb83d524-2016-4ce3-965b-223af9e7ba99', 'f98851a4-dd7b-45df-83d2-77df1f53f678', 0),
('cb83d524-2016-4ce3-965b-223af9e7ba99', '2ba4fb8c-22d7-4ba6-9e95-1a1bfaa0fb4b', 0),
('cb83d524-2016-4ce3-965b-223af9e7ba99', 'bb90ec41-ce2d-4165-993b-c5ee2aabe8ce', 0),
('cb83d524-2016-4ce3-965b-223af9e7ba99', 'e1d9cee7-ecde-4d07-bc64-3cec9c3f7b04', 0),
('cb83d524-2016-4ce3-965b-223af9e7ba99', 'a89d646a-230a-43ee-bd42-7988a4f80711', 0),
('cb83d524-2016-4ce3-965b-223af9e7ba99', 'd2a3e8cf-b32d-4abe-9ae8-6ce7a89d2f64', 0),
('cb83d524-2016-4ce3-965b-223af9e7ba99', 'fe3b72a5-0aa0-49f3-8407-accf2b081227', 0),
('cb83d524-2016-4ce3-965b-223af9e7ba99', '1e00d247-6e57-413e-9ede-d4835f5cfbd1', 0),
('cb83d524-2016-4ce3-965b-223af9e7ba99', 'f32c8b31-d086-4d22-95e3-efb8e6cebbd8', 0),
('cb83d524-2016-4ce3-965b-223af9e7ba99', '6ab42fcb-33e8-4f13-ba58-c1ad5d98d543', 0),
('cb83d524-2016-4ce3-965b-223af9e7ba99', '99aa6f02-c3c4-44fa-aa2a-23f31c2f355b', 0),
('cb83d524-2016-4ce3-965b-223af9e7ba99', 'f4f1479f-ccb7-4519-a636-fd3f1f8f921c', 0),
('cb83d524-2016-4ce3-965b-223af9e7ba99', 'd41d8cd9-245e-45ff-a5a7-d5d80a42f118', 0),
('cb83d524-2016-4ce3-965b-223af9e7ba99', '98087cf2-9ae8-46b8-9bba-4cd0f63c8c08', 0),
('cb83d524-2016-4ce3-965b-223af9e7ba99', 'da17e22b-8b95-4f85-83d3-57a1ec9613e7', 0),
('cb83d524-2016-4ce3-965b-223af9e7ba99', '3c16dffc-25a0-45ac-804d-cfcfbe730f1b', 0),
('cb83d524-2016-4ce3-965b-223af9e7ba99', '4fa7fb3d-1aa8-4e91-ba7a-6f4781c01d41', 0),
('cb83d524-2016-4ce3-965b-223af9e7ba99', 'b4e62a70-8b1d-4dd3-af8a-b44f6737fb22', 0),

('9c6a5f06-b1f0-4507-b2f8-955156a8bed6', '4e75ecdd-aafe-4c35-836b-1b83fc7b8f88', 1),
('9c6a5f06-b1f0-4507-b2f8-955156a8bed6', '8c301aa9-6d56-4c06-b1f2-9b9956979345', 1),
('9c6a5f06-b1f0-4507-b2f8-955156a8bed6', 'fc3e6343-6f10-42e8-91c9-2d36c0154c42', 1),
('9c6a5f06-b1f0-4507-b2f8-955156a8bed6', '96de52c4-7dbf-4db1-baed-255c8f9215db', 1),
('9c6a5f06-b1f0-4507-b2f8-955156a8bed6', '66c4b36e-0fac-4911-9e9a-98d42d8ece10', 1),
('9c6a5f06-b1f0-4507-b2f8-955156a8bed6', '1d9d1b54-6430-45c5-85d6-ae4d2288223f', 1),
('9c6a5f06-b1f0-4507-b2f8-955156a8bed6', '6fbd52c1-d395-4349-975b-70916be1b8d0', 0),
('9c6a5f06-b1f0-4507-b2f8-955156a8bed6', 'b37cefef-c6d2-49a7-8b12-cdeacf5fe4c1', 0),
('9c6a5f06-b1f0-4507-b2f8-955156a8bed6', '08af1af0-b71e-44bc-b5d3-82dab55d6b81', 0),
('9c6a5f06-b1f0-4507-b2f8-955156a8bed6', '2f715aa4-7597-4f8e-9594-1f0245d16a97', 0),
('9c6a5f06-b1f0-4507-b2f8-955156a8bed6', '6a1e646b-e42d-4336-88c6-cb44d5f50682', 0),
('9c6a5f06-b1f0-4507-b2f8-955156a8bed6', '3f7b8c31-2f1f-4a5b-8b01-3395bf4c0931', 0),
('9c6a5f06-b1f0-4507-b2f8-955156a8bed6', '3a448c5a-e1c8-456e-955f-ed2f98d87aa6', 0),
('9c6a5f06-b1f0-4507-b2f8-955156a8bed6', '9e198401-4c15-4d2d-b9fb-63001bee256e', 0),
('9c6a5f06-b1f0-4507-b2f8-955156a8bed6', '60d224af-d862-43e5-b6f8-9c977feb2cfe', 0),
('9c6a5f06-b1f0-4507-b2f8-955156a8bed6', 'e5b25542-e19b-4661-a5e8-72fa34bfb7c9', 0),
('9c6a5f06-b1f0-4507-b2f8-955156a8bed6', 'bdfd8e1e-09f2-4a2b-a2ec-6381b3f63616', 0),
('9c6a5f06-b1f0-4507-b2f8-955156a8bed6', '7aeef64b-accf-4e2c-8009-1e62cbc85689', 0),
('9c6a5f06-b1f0-4507-b2f8-955156a8bed6', 'f33a1cf0-5c51-4b65-a0fe-88d28cb33155', 0),
('9c6a5f06-b1f0-4507-b2f8-955156a8bed6', '124f550a-50d0-4f6a-b445-1b9a31a48571', 0),
('9c6a5f06-b1f0-4507-b2f8-955156a8bed6', 'dc3f0a12-0809-4fec-b70d-8a2035fc3cf0', 0),
('9c6a5f06-b1f0-4507-b2f8-955156a8bed6', '90d3f8b5-a0fd-4616-a5ed-ebea0340b29f', 0),
('9c6a5f06-b1f0-4507-b2f8-955156a8bed6', '2f41b1f0-bf26-406f-95ff-e29ee92b5a3a', 0),
('9c6a5f06-b1f0-4507-b2f8-955156a8bed6', '6a9fcd23-2c91-4a32-a3c2-f44e35f1a421', 0),
('9c6a5f06-b1f0-4507-b2f8-955156a8bed6', '4b6e5e08-93b2-4f37-8c80-f59c662153e4', 0),
('9c6a5f06-b1f0-4507-b2f8-955156a8bed6', '0f9d6cf2-497e-48ff-b1fa-440678951c28', 0),
('9c6a5f06-b1f0-4507-b2f8-955156a8bed6', 'e97b22b8-d9a1-4a5e-bfa1-6ba9cc0758cf', 0),
('9c6a5f06-b1f0-4507-b2f8-955156a8bed6', '78322f23-3f6f-4420-ad26-3a014f5c5ea5', 0),
('9c6a5f06-b1f0-4507-b2f8-955156a8bed6', '2a0c3b05-5f01-4b6b-84ea-b22f8bc301dc', 0),
('9c6a5f06-b1f0-4507-b2f8-955156a8bed6', '4d905d70-95e3-4e76-bf59-ace2d3ec05ad', 0),
('9c6a5f06-b1f0-4507-b2f8-955156a8bed6', '9cb82f47-a287-403a-a5c6-0f821d7d4c8a', 0),
('9c6a5f06-b1f0-4507-b2f8-955156a8bed6', '0ac3e817-eda5-4a60-9e8c-6a82e2a3e5f3', 0),
('9c6a5f06-b1f0-4507-b2f8-955156a8bed6', 'cd1f9668-1eed-4a1c-9894-f7b3e3b9b486', 0),
('9c6a5f06-b1f0-4507-b2f8-955156a8bed6', 'f98851a4-dd7b-45df-83d2-77df1f53f678', 0),
('9c6a5f06-b1f0-4507-b2f8-955156a8bed6', '2ba4fb8c-22d7-4ba6-9e95-1a1bfaa0fb4b', 0),
('9c6a5f06-b1f0-4507-b2f8-955156a8bed6', 'bb90ec41-ce2d-4165-993b-c5ee2aabe8ce', 0),
('9c6a5f06-b1f0-4507-b2f8-955156a8bed6', 'e1d9cee7-ecde-4d07-bc64-3cec9c3f7b04', 0),
('9c6a5f06-b1f0-4507-b2f8-955156a8bed6', 'a89d646a-230a-43ee-bd42-7988a4f80711', 0),
('9c6a5f06-b1f0-4507-b2f8-955156a8bed6', 'd2a3e8cf-b32d-4abe-9ae8-6ce7a89d2f64', 0),
('9c6a5f06-b1f0-4507-b2f8-955156a8bed6', 'fe3b72a5-0aa0-49f3-8407-accf2b081227', 0),
('9c6a5f06-b1f0-4507-b2f8-955156a8bed6', '1e00d247-6e57-413e-9ede-d4835f5cfbd1', 0),
('9c6a5f06-b1f0-4507-b2f8-955156a8bed6', 'f32c8b31-d086-4d22-95e3-efb8e6cebbd8', 0),
('9c6a5f06-b1f0-4507-b2f8-955156a8bed6', '6ab42fcb-33e8-4f13-ba58-c1ad5d98d543', 0),
('9c6a5f06-b1f0-4507-b2f8-955156a8bed6', '99aa6f02-c3c4-44fa-aa2a-23f31c2f355b', 0),
('9c6a5f06-b1f0-4507-b2f8-955156a8bed6', 'f4f1479f-ccb7-4519-a636-fd3f1f8f921c', 0),
('9c6a5f06-b1f0-4507-b2f8-955156a8bed6', 'd41d8cd9-245e-45ff-a5a7-d5d80a42f118', 0),
('9c6a5f06-b1f0-4507-b2f8-955156a8bed6', '98087cf2-9ae8-46b8-9bba-4cd0f63c8c08', 0),
('9c6a5f06-b1f0-4507-b2f8-955156a8bed6', 'da17e22b-8b95-4f85-83d3-57a1ec9613e7', 0),
('9c6a5f06-b1f0-4507-b2f8-955156a8bed6', '3c16dffc-25a0-45ac-804d-cfcfbe730f1b', 0),
('9c6a5f06-b1f0-4507-b2f8-955156a8bed6', '4fa7fb3d-1aa8-4e91-ba7a-6f4781c01d41', 0),
('9c6a5f06-b1f0-4507-b2f8-955156a8bed6', 'b4e62a70-8b1d-4dd3-af8a-b44f6737fb22', 0),

('ff3dd044-ebfb-4e1d-9050-b6dcfe684a1a', '4e75ecdd-aafe-4c35-836b-1b83fc7b8f88', 1),
('ff3dd044-ebfb-4e1d-9050-b6dcfe684a1a', '8c301aa9-6d56-4c06-b1f2-9b9956979345', 1),
('ff3dd044-ebfb-4e1d-9050-b6dcfe684a1a', 'fc3e6343-6f10-42e8-91c9-2d36c0154c42', 1),
('ff3dd044-ebfb-4e1d-9050-b6dcfe684a1a', '96de52c4-7dbf-4db1-baed-255c8f9215db', 1),
('ff3dd044-ebfb-4e1d-9050-b6dcfe684a1a', '66c4b36e-0fac-4911-9e9a-98d42d8ece10', 1),
('ff3dd044-ebfb-4e1d-9050-b6dcfe684a1a', '1d9d1b54-6430-45c5-85d6-ae4d2288223f', 0),
('ff3dd044-ebfb-4e1d-9050-b6dcfe684a1a', '6fbd52c1-d395-4349-975b-70916be1b8d0', 0),
('ff3dd044-ebfb-4e1d-9050-b6dcfe684a1a', 'b37cefef-c6d2-49a7-8b12-cdeacf5fe4c1', 0),
('ff3dd044-ebfb-4e1d-9050-b6dcfe684a1a', '08af1af0-b71e-44bc-b5d3-82dab55d6b81', 0),
('ff3dd044-ebfb-4e1d-9050-b6dcfe684a1a', '2f715aa4-7597-4f8e-9594-1f0245d16a97', 0),
('ff3dd044-ebfb-4e1d-9050-b6dcfe684a1a', '6a1e646b-e42d-4336-88c6-cb44d5f50682', 0),
('ff3dd044-ebfb-4e1d-9050-b6dcfe684a1a', '3f7b8c31-2f1f-4a5b-8b01-3395bf4c0931', 0),
('ff3dd044-ebfb-4e1d-9050-b6dcfe684a1a', '3a448c5a-e1c8-456e-955f-ed2f98d87aa6', 0),
('ff3dd044-ebfb-4e1d-9050-b6dcfe684a1a', '9e198401-4c15-4d2d-b9fb-63001bee256e', 0),
('ff3dd044-ebfb-4e1d-9050-b6dcfe684a1a', '60d224af-d862-43e5-b6f8-9c977feb2cfe', 0),
('ff3dd044-ebfb-4e1d-9050-b6dcfe684a1a', 'e5b25542-e19b-4661-a5e8-72fa34bfb7c9', 0),
('ff3dd044-ebfb-4e1d-9050-b6dcfe684a1a', 'bdfd8e1e-09f2-4a2b-a2ec-6381b3f63616', 0),
('ff3dd044-ebfb-4e1d-9050-b6dcfe684a1a', '7aeef64b-accf-4e2c-8009-1e62cbc85689', 0),
('ff3dd044-ebfb-4e1d-9050-b6dcfe684a1a', 'f33a1cf0-5c51-4b65-a0fe-88d28cb33155', 0),
('ff3dd044-ebfb-4e1d-9050-b6dcfe684a1a', '124f550a-50d0-4f6a-b445-1b9a31a48571', 0),
('ff3dd044-ebfb-4e1d-9050-b6dcfe684a1a', 'dc3f0a12-0809-4fec-b70d-8a2035fc3cf0', 0),
('ff3dd044-ebfb-4e1d-9050-b6dcfe684a1a', '90d3f8b5-a0fd-4616-a5ed-ebea0340b29f', 0),
('ff3dd044-ebfb-4e1d-9050-b6dcfe684a1a', '2f41b1f0-bf26-406f-95ff-e29ee92b5a3a', 0),
('ff3dd044-ebfb-4e1d-9050-b6dcfe684a1a', '6a9fcd23-2c91-4a32-a3c2-f44e35f1a421', 0),
('ff3dd044-ebfb-4e1d-9050-b6dcfe684a1a', '4b6e5e08-93b2-4f37-8c80-f59c662153e4', 0),
('ff3dd044-ebfb-4e1d-9050-b6dcfe684a1a', '0f9d6cf2-497e-48ff-b1fa-440678951c28', 0),
('ff3dd044-ebfb-4e1d-9050-b6dcfe684a1a', 'e97b22b8-d9a1-4a5e-bfa1-6ba9cc0758cf', 0),
('ff3dd044-ebfb-4e1d-9050-b6dcfe684a1a', '78322f23-3f6f-4420-ad26-3a014f5c5ea5', 0),
('ff3dd044-ebfb-4e1d-9050-b6dcfe684a1a', '2a0c3b05-5f01-4b6b-84ea-b22f8bc301dc', 0),
('ff3dd044-ebfb-4e1d-9050-b6dcfe684a1a', '4d905d70-95e3-4e76-bf59-ace2d3ec05ad', 0),
('ff3dd044-ebfb-4e1d-9050-b6dcfe684a1a', '9cb82f47-a287-403a-a5c6-0f821d7d4c8a', 0),
('ff3dd044-ebfb-4e1d-9050-b6dcfe684a1a', '0ac3e817-eda5-4a60-9e8c-6a82e2a3e5f3', 0),
('ff3dd044-ebfb-4e1d-9050-b6dcfe684a1a', 'cd1f9668-1eed-4a1c-9894-f7b3e3b9b486', 0),
('ff3dd044-ebfb-4e1d-9050-b6dcfe684a1a', 'f98851a4-dd7b-45df-83d2-77df1f53f678', 0),
('ff3dd044-ebfb-4e1d-9050-b6dcfe684a1a', '2ba4fb8c-22d7-4ba6-9e95-1a1bfaa0fb4b', 0),
('ff3dd044-ebfb-4e1d-9050-b6dcfe684a1a', 'bb90ec41-ce2d-4165-993b-c5ee2aabe8ce', 0),
('ff3dd044-ebfb-4e1d-9050-b6dcfe684a1a', 'e1d9cee7-ecde-4d07-bc64-3cec9c3f7b04', 0),
('ff3dd044-ebfb-4e1d-9050-b6dcfe684a1a', 'a89d646a-230a-43ee-bd42-7988a4f80711', 0),
('ff3dd044-ebfb-4e1d-9050-b6dcfe684a1a', 'd2a3e8cf-b32d-4abe-9ae8-6ce7a89d2f64', 0),
('ff3dd044-ebfb-4e1d-9050-b6dcfe684a1a', 'fe3b72a5-0aa0-49f3-8407-accf2b081227', 0),
('ff3dd044-ebfb-4e1d-9050-b6dcfe684a1a', '1e00d247-6e57-413e-9ede-d4835f5cfbd1', 0),
('ff3dd044-ebfb-4e1d-9050-b6dcfe684a1a', 'f32c8b31-d086-4d22-95e3-efb8e6cebbd8', 0),
('ff3dd044-ebfb-4e1d-9050-b6dcfe684a1a', '6ab42fcb-33e8-4f13-ba58-c1ad5d98d543', 0),
('ff3dd044-ebfb-4e1d-9050-b6dcfe684a1a', '99aa6f02-c3c4-44fa-aa2a-23f31c2f355b', 0),
('ff3dd044-ebfb-4e1d-9050-b6dcfe684a1a', 'f4f1479f-ccb7-4519-a636-fd3f1f8f921c', 0),
('ff3dd044-ebfb-4e1d-9050-b6dcfe684a1a', 'd41d8cd9-245e-45ff-a5a7-d5d80a42f118', 0),
('ff3dd044-ebfb-4e1d-9050-b6dcfe684a1a', '98087cf2-9ae8-46b8-9bba-4cd0f63c8c08', 0),
('ff3dd044-ebfb-4e1d-9050-b6dcfe684a1a', 'da17e22b-8b95-4f85-83d3-57a1ec9613e7', 0),
('ff3dd044-ebfb-4e1d-9050-b6dcfe684a1a', '3c16dffc-25a0-45ac-804d-cfcfbe730f1b', 0),
('ff3dd044-ebfb-4e1d-9050-b6dcfe684a1a', '4fa7fb3d-1aa8-4e91-ba7a-6f4781c01d41', 0),
('ff3dd044-ebfb-4e1d-9050-b6dcfe684a1a', 'b4e62a70-8b1d-4dd3-af8a-b44f6737fb22', 0),

('f2a1edb1-332f-4c2f-af59-6b5508eafbec', '4e75ecdd-aafe-4c35-836b-1b83fc7b8f88', 1),
('f2a1edb1-332f-4c2f-af59-6b5508eafbec', '8c301aa9-6d56-4c06-b1f2-9b9956979345', 1),
('f2a1edb1-332f-4c2f-af59-6b5508eafbec', 'fc3e6343-6f10-42e8-91c9-2d36c0154c42', 1),
('f2a1edb1-332f-4c2f-af59-6b5508eafbec', '96de52c4-7dbf-4db1-baed-255c8f9215db', 1),
('f2a1edb1-332f-4c2f-af59-6b5508eafbec', '66c4b36e-0fac-4911-9e9a-98d42d8ece10', 0),
('f2a1edb1-332f-4c2f-af59-6b5508eafbec', '1d9d1b54-6430-45c5-85d6-ae4d2288223f', 0),
('f2a1edb1-332f-4c2f-af59-6b5508eafbec', '6fbd52c1-d395-4349-975b-70916be1b8d0', 0),
('f2a1edb1-332f-4c2f-af59-6b5508eafbec', 'b37cefef-c6d2-49a7-8b12-cdeacf5fe4c1', 0),
('f2a1edb1-332f-4c2f-af59-6b5508eafbec', '08af1af0-b71e-44bc-b5d3-82dab55d6b81', 0),
('f2a1edb1-332f-4c2f-af59-6b5508eafbec', '2f715aa4-7597-4f8e-9594-1f0245d16a97', 0),
('f2a1edb1-332f-4c2f-af59-6b5508eafbec', '6a1e646b-e42d-4336-88c6-cb44d5f50682', 0),
('f2a1edb1-332f-4c2f-af59-6b5508eafbec', '3f7b8c31-2f1f-4a5b-8b01-3395bf4c0931', 0),
('f2a1edb1-332f-4c2f-af59-6b5508eafbec', '3a448c5a-e1c8-456e-955f-ed2f98d87aa6', 0),
('f2a1edb1-332f-4c2f-af59-6b5508eafbec', '9e198401-4c15-4d2d-b9fb-63001bee256e', 0),
('f2a1edb1-332f-4c2f-af59-6b5508eafbec', '60d224af-d862-43e5-b6f8-9c977feb2cfe', 0),
('f2a1edb1-332f-4c2f-af59-6b5508eafbec', 'e5b25542-e19b-4661-a5e8-72fa34bfb7c9', 0),
('f2a1edb1-332f-4c2f-af59-6b5508eafbec', 'bdfd8e1e-09f2-4a2b-a2ec-6381b3f63616', 0),
('f2a1edb1-332f-4c2f-af59-6b5508eafbec', '7aeef64b-accf-4e2c-8009-1e62cbc85689', 0),
('f2a1edb1-332f-4c2f-af59-6b5508eafbec', 'f33a1cf0-5c51-4b65-a0fe-88d28cb33155', 0),
('f2a1edb1-332f-4c2f-af59-6b5508eafbec', '124f550a-50d0-4f6a-b445-1b9a31a48571', 0),
('f2a1edb1-332f-4c2f-af59-6b5508eafbec', 'dc3f0a12-0809-4fec-b70d-8a2035fc3cf0', 0),
('f2a1edb1-332f-4c2f-af59-6b5508eafbec', '90d3f8b5-a0fd-4616-a5ed-ebea0340b29f', 0),
('f2a1edb1-332f-4c2f-af59-6b5508eafbec', '2f41b1f0-bf26-406f-95ff-e29ee92b5a3a', 0),
('f2a1edb1-332f-4c2f-af59-6b5508eafbec', '6a9fcd23-2c91-4a32-a3c2-f44e35f1a421', 0),
('f2a1edb1-332f-4c2f-af59-6b5508eafbec', '4b6e5e08-93b2-4f37-8c80-f59c662153e4', 0),
('f2a1edb1-332f-4c2f-af59-6b5508eafbec', '0f9d6cf2-497e-48ff-b1fa-440678951c28', 0),
('f2a1edb1-332f-4c2f-af59-6b5508eafbec', 'e97b22b8-d9a1-4a5e-bfa1-6ba9cc0758cf', 0),
('f2a1edb1-332f-4c2f-af59-6b5508eafbec', '78322f23-3f6f-4420-ad26-3a014f5c5ea5', 0),
('f2a1edb1-332f-4c2f-af59-6b5508eafbec', '2a0c3b05-5f01-4b6b-84ea-b22f8bc301dc', 0),
('f2a1edb1-332f-4c2f-af59-6b5508eafbec', '4d905d70-95e3-4e76-bf59-ace2d3ec05ad', 0),
('f2a1edb1-332f-4c2f-af59-6b5508eafbec', '9cb82f47-a287-403a-a5c6-0f821d7d4c8a', 0),
('f2a1edb1-332f-4c2f-af59-6b5508eafbec', '0ac3e817-eda5-4a60-9e8c-6a82e2a3e5f3', 0),
('f2a1edb1-332f-4c2f-af59-6b5508eafbec', 'cd1f9668-1eed-4a1c-9894-f7b3e3b9b486', 0),
('f2a1edb1-332f-4c2f-af59-6b5508eafbec', 'f98851a4-dd7b-45df-83d2-77df1f53f678', 0),
('f2a1edb1-332f-4c2f-af59-6b5508eafbec', '2ba4fb8c-22d7-4ba6-9e95-1a1bfaa0fb4b', 0),
('f2a1edb1-332f-4c2f-af59-6b5508eafbec', 'bb90ec41-ce2d-4165-993b-c5ee2aabe8ce', 0),
('f2a1edb1-332f-4c2f-af59-6b5508eafbec', 'e1d9cee7-ecde-4d07-bc64-3cec9c3f7b04', 0),
('f2a1edb1-332f-4c2f-af59-6b5508eafbec', 'a89d646a-230a-43ee-bd42-7988a4f80711', 0),
('f2a1edb1-332f-4c2f-af59-6b5508eafbec', 'd2a3e8cf-b32d-4abe-9ae8-6ce7a89d2f64', 0),
('f2a1edb1-332f-4c2f-af59-6b5508eafbec', 'fe3b72a5-0aa0-49f3-8407-accf2b081227', 0),
('f2a1edb1-332f-4c2f-af59-6b5508eafbec', '1e00d247-6e57-413e-9ede-d4835f5cfbd1', 0),
('f2a1edb1-332f-4c2f-af59-6b5508eafbec', 'f32c8b31-d086-4d22-95e3-efb8e6cebbd8', 0),
('f2a1edb1-332f-4c2f-af59-6b5508eafbec', '6ab42fcb-33e8-4f13-ba58-c1ad5d98d543', 0),
('f2a1edb1-332f-4c2f-af59-6b5508eafbec', '99aa6f02-c3c4-44fa-aa2a-23f31c2f355b', 0),
('f2a1edb1-332f-4c2f-af59-6b5508eafbec', 'f4f1479f-ccb7-4519-a636-fd3f1f8f921c', 0),
('f2a1edb1-332f-4c2f-af59-6b5508eafbec', 'd41d8cd9-245e-45ff-a5a7-d5d80a42f118', 0),
('f2a1edb1-332f-4c2f-af59-6b5508eafbec', '98087cf2-9ae8-46b8-9bba-4cd0f63c8c08', 0),
('f2a1edb1-332f-4c2f-af59-6b5508eafbec', 'da17e22b-8b95-4f85-83d3-57a1ec9613e7', 0),
('f2a1edb1-332f-4c2f-af59-6b5508eafbec', '3c16dffc-25a0-45ac-804d-cfcfbe730f1b', 0),
('f2a1edb1-332f-4c2f-af59-6b5508eafbec', '4fa7fb3d-1aa8-4e91-ba7a-6f4781c01d41', 0),
('f2a1edb1-332f-4c2f-af59-6b5508eafbec', 'b4e62a70-8b1d-4dd3-af8a-b44f6737fb22', 0),

('14a3d4c4-fb21-4153-9096-d96bda62ee59', '4e75ecdd-aafe-4c35-836b-1b83fc7b8f88', 1),
('14a3d4c4-fb21-4153-9096-d96bda62ee59', '8c301aa9-6d56-4c06-b1f2-9b9956979345', 1),
('14a3d4c4-fb21-4153-9096-d96bda62ee59', 'fc3e6343-6f10-42e8-91c9-2d36c0154c42', 1),
('14a3d4c4-fb21-4153-9096-d96bda62ee59', '96de52c4-7dbf-4db1-baed-255c8f9215db', 0),
('14a3d4c4-fb21-4153-9096-d96bda62ee59', '66c4b36e-0fac-4911-9e9a-98d42d8ece10', 0),
('14a3d4c4-fb21-4153-9096-d96bda62ee59', '1d9d1b54-6430-45c5-85d6-ae4d2288223f', 0),
('14a3d4c4-fb21-4153-9096-d96bda62ee59', '6fbd52c1-d395-4349-975b-70916be1b8d0', 0),
('14a3d4c4-fb21-4153-9096-d96bda62ee59', 'b37cefef-c6d2-49a7-8b12-cdeacf5fe4c1', 0),
('14a3d4c4-fb21-4153-9096-d96bda62ee59', '08af1af0-b71e-44bc-b5d3-82dab55d6b81', 0),
('14a3d4c4-fb21-4153-9096-d96bda62ee59', '2f715aa4-7597-4f8e-9594-1f0245d16a97', 0),
('14a3d4c4-fb21-4153-9096-d96bda62ee59', '6a1e646b-e42d-4336-88c6-cb44d5f50682', 0),
('14a3d4c4-fb21-4153-9096-d96bda62ee59', '3f7b8c31-2f1f-4a5b-8b01-3395bf4c0931', 0),
('14a3d4c4-fb21-4153-9096-d96bda62ee59', '3a448c5a-e1c8-456e-955f-ed2f98d87aa6', 0),
('14a3d4c4-fb21-4153-9096-d96bda62ee59', '9e198401-4c15-4d2d-b9fb-63001bee256e', 0),
('14a3d4c4-fb21-4153-9096-d96bda62ee59', '60d224af-d862-43e5-b6f8-9c977feb2cfe', 0),
('14a3d4c4-fb21-4153-9096-d96bda62ee59', 'e5b25542-e19b-4661-a5e8-72fa34bfb7c9', 0),
('14a3d4c4-fb21-4153-9096-d96bda62ee59', 'bdfd8e1e-09f2-4a2b-a2ec-6381b3f63616', 0),
('14a3d4c4-fb21-4153-9096-d96bda62ee59', '7aeef64b-accf-4e2c-8009-1e62cbc85689', 0),
('14a3d4c4-fb21-4153-9096-d96bda62ee59', 'f33a1cf0-5c51-4b65-a0fe-88d28cb33155', 0),
('14a3d4c4-fb21-4153-9096-d96bda62ee59', '124f550a-50d0-4f6a-b445-1b9a31a48571', 0),
('14a3d4c4-fb21-4153-9096-d96bda62ee59', 'dc3f0a12-0809-4fec-b70d-8a2035fc3cf0', 0),
('14a3d4c4-fb21-4153-9096-d96bda62ee59', '90d3f8b5-a0fd-4616-a5ed-ebea0340b29f', 0),
('14a3d4c4-fb21-4153-9096-d96bda62ee59', '2f41b1f0-bf26-406f-95ff-e29ee92b5a3a', 0),
('14a3d4c4-fb21-4153-9096-d96bda62ee59', '6a9fcd23-2c91-4a32-a3c2-f44e35f1a421', 0),
('14a3d4c4-fb21-4153-9096-d96bda62ee59', '4b6e5e08-93b2-4f37-8c80-f59c662153e4', 0),
('14a3d4c4-fb21-4153-9096-d96bda62ee59', '0f9d6cf2-497e-48ff-b1fa-440678951c28', 0),
('14a3d4c4-fb21-4153-9096-d96bda62ee59', 'e97b22b8-d9a1-4a5e-bfa1-6ba9cc0758cf', 0),
('14a3d4c4-fb21-4153-9096-d96bda62ee59', '78322f23-3f6f-4420-ad26-3a014f5c5ea5', 0),
('14a3d4c4-fb21-4153-9096-d96bda62ee59', '2a0c3b05-5f01-4b6b-84ea-b22f8bc301dc', 0),
('14a3d4c4-fb21-4153-9096-d96bda62ee59', '4d905d70-95e3-4e76-bf59-ace2d3ec05ad', 0),
('14a3d4c4-fb21-4153-9096-d96bda62ee59', '9cb82f47-a287-403a-a5c6-0f821d7d4c8a', 0),
('14a3d4c4-fb21-4153-9096-d96bda62ee59', '0ac3e817-eda5-4a60-9e8c-6a82e2a3e5f3', 0),
('14a3d4c4-fb21-4153-9096-d96bda62ee59', 'cd1f9668-1eed-4a1c-9894-f7b3e3b9b486', 0),
('14a3d4c4-fb21-4153-9096-d96bda62ee59', 'f98851a4-dd7b-45df-83d2-77df1f53f678', 0),
('14a3d4c4-fb21-4153-9096-d96bda62ee59', '2ba4fb8c-22d7-4ba6-9e95-1a1bfaa0fb4b', 0),
('14a3d4c4-fb21-4153-9096-d96bda62ee59', 'bb90ec41-ce2d-4165-993b-c5ee2aabe8ce', 0),
('14a3d4c4-fb21-4153-9096-d96bda62ee59', 'e1d9cee7-ecde-4d07-bc64-3cec9c3f7b04', 0),
('14a3d4c4-fb21-4153-9096-d96bda62ee59', 'a89d646a-230a-43ee-bd42-7988a4f80711', 0),
('14a3d4c4-fb21-4153-9096-d96bda62ee59', 'd2a3e8cf-b32d-4abe-9ae8-6ce7a89d2f64', 0),
('14a3d4c4-fb21-4153-9096-d96bda62ee59', 'fe3b72a5-0aa0-49f3-8407-accf2b081227', 0),
('14a3d4c4-fb21-4153-9096-d96bda62ee59', '1e00d247-6e57-413e-9ede-d4835f5cfbd1', 0),
('14a3d4c4-fb21-4153-9096-d96bda62ee59', 'f32c8b31-d086-4d22-95e3-efb8e6cebbd8', 0),
('14a3d4c4-fb21-4153-9096-d96bda62ee59', '6ab42fcb-33e8-4f13-ba58-c1ad5d98d543', 0),
('14a3d4c4-fb21-4153-9096-d96bda62ee59', '99aa6f02-c3c4-44fa-aa2a-23f31c2f355b', 0),
('14a3d4c4-fb21-4153-9096-d96bda62ee59', 'f4f1479f-ccb7-4519-a636-fd3f1f8f921c', 0),
('14a3d4c4-fb21-4153-9096-d96bda62ee59', 'd41d8cd9-245e-45ff-a5a7-d5d80a42f118', 0),
('14a3d4c4-fb21-4153-9096-d96bda62ee59', '98087cf2-9ae8-46b8-9bba-4cd0f63c8c08', 0),
('14a3d4c4-fb21-4153-9096-d96bda62ee59', 'da17e22b-8b95-4f85-83d3-57a1ec9613e7', 0),
('14a3d4c4-fb21-4153-9096-d96bda62ee59', '3c16dffc-25a0-45ac-804d-cfcfbe730f1b', 0),
('14a3d4c4-fb21-4153-9096-d96bda62ee59', '4fa7fb3d-1aa8-4e91-ba7a-6f4781c01d41', 0),
('14a3d4c4-fb21-4153-9096-d96bda62ee59', 'b4e62a70-8b1d-4dd3-af8a-b44f6737fb22', 0),

('978d41ee-1f38-4c84-8826-8e62bc5ba109', '4e75ecdd-aafe-4c35-836b-1b83fc7b8f88', 1),
('978d41ee-1f38-4c84-8826-8e62bc5ba109', '8c301aa9-6d56-4c06-b1f2-9b9956979345', 1),
('978d41ee-1f38-4c84-8826-8e62bc5ba109', 'fc3e6343-6f10-42e8-91c9-2d36c0154c42', 0),
('978d41ee-1f38-4c84-8826-8e62bc5ba109', '96de52c4-7dbf-4db1-baed-255c8f9215db', 0),
('978d41ee-1f38-4c84-8826-8e62bc5ba109', '66c4b36e-0fac-4911-9e9a-98d42d8ece10', 0),
('978d41ee-1f38-4c84-8826-8e62bc5ba109', '1d9d1b54-6430-45c5-85d6-ae4d2288223f', 0),
('978d41ee-1f38-4c84-8826-8e62bc5ba109', '6fbd52c1-d395-4349-975b-70916be1b8d0', 0),
('978d41ee-1f38-4c84-8826-8e62bc5ba109', 'b37cefef-c6d2-49a7-8b12-cdeacf5fe4c1', 0),
('978d41ee-1f38-4c84-8826-8e62bc5ba109', '08af1af0-b71e-44bc-b5d3-82dab55d6b81', 0),
('978d41ee-1f38-4c84-8826-8e62bc5ba109', '2f715aa4-7597-4f8e-9594-1f0245d16a97', 0),
('978d41ee-1f38-4c84-8826-8e62bc5ba109', '6a1e646b-e42d-4336-88c6-cb44d5f50682', 0),
('978d41ee-1f38-4c84-8826-8e62bc5ba109', '3f7b8c31-2f1f-4a5b-8b01-3395bf4c0931', 0),
('978d41ee-1f38-4c84-8826-8e62bc5ba109', '3a448c5a-e1c8-456e-955f-ed2f98d87aa6', 0),
('978d41ee-1f38-4c84-8826-8e62bc5ba109', '9e198401-4c15-4d2d-b9fb-63001bee256e', 0),
('978d41ee-1f38-4c84-8826-8e62bc5ba109', '60d224af-d862-43e5-b6f8-9c977feb2cfe', 0),
('978d41ee-1f38-4c84-8826-8e62bc5ba109', 'e5b25542-e19b-4661-a5e8-72fa34bfb7c9', 0),
('978d41ee-1f38-4c84-8826-8e62bc5ba109', 'bdfd8e1e-09f2-4a2b-a2ec-6381b3f63616', 0),
('978d41ee-1f38-4c84-8826-8e62bc5ba109', '7aeef64b-accf-4e2c-8009-1e62cbc85689', 0),
('978d41ee-1f38-4c84-8826-8e62bc5ba109', 'f33a1cf0-5c51-4b65-a0fe-88d28cb33155', 0),
('978d41ee-1f38-4c84-8826-8e62bc5ba109', '124f550a-50d0-4f6a-b445-1b9a31a48571', 0),
('978d41ee-1f38-4c84-8826-8e62bc5ba109', 'dc3f0a12-0809-4fec-b70d-8a2035fc3cf0', 0),
('978d41ee-1f38-4c84-8826-8e62bc5ba109', '90d3f8b5-a0fd-4616-a5ed-ebea0340b29f', 0),
('978d41ee-1f38-4c84-8826-8e62bc5ba109', '2f41b1f0-bf26-406f-95ff-e29ee92b5a3a', 0),
('978d41ee-1f38-4c84-8826-8e62bc5ba109', '6a9fcd23-2c91-4a32-a3c2-f44e35f1a421', 0),
('978d41ee-1f38-4c84-8826-8e62bc5ba109', '4b6e5e08-93b2-4f37-8c80-f59c662153e4', 0),
('978d41ee-1f38-4c84-8826-8e62bc5ba109', '0f9d6cf2-497e-48ff-b1fa-440678951c28', 0),
('978d41ee-1f38-4c84-8826-8e62bc5ba109', 'e97b22b8-d9a1-4a5e-bfa1-6ba9cc0758cf', 0),
('978d41ee-1f38-4c84-8826-8e62bc5ba109', '78322f23-3f6f-4420-ad26-3a014f5c5ea5', 0),
('978d41ee-1f38-4c84-8826-8e62bc5ba109', '2a0c3b05-5f01-4b6b-84ea-b22f8bc301dc', 0),
('978d41ee-1f38-4c84-8826-8e62bc5ba109', '4d905d70-95e3-4e76-bf59-ace2d3ec05ad', 0),
('978d41ee-1f38-4c84-8826-8e62bc5ba109', '9cb82f47-a287-403a-a5c6-0f821d7d4c8a', 0),
('978d41ee-1f38-4c84-8826-8e62bc5ba109', '0ac3e817-eda5-4a60-9e8c-6a82e2a3e5f3', 0),
('978d41ee-1f38-4c84-8826-8e62bc5ba109', 'cd1f9668-1eed-4a1c-9894-f7b3e3b9b486', 0),
('978d41ee-1f38-4c84-8826-8e62bc5ba109', 'f98851a4-dd7b-45df-83d2-77df1f53f678', 0),
('978d41ee-1f38-4c84-8826-8e62bc5ba109', '2ba4fb8c-22d7-4ba6-9e95-1a1bfaa0fb4b', 0),
('978d41ee-1f38-4c84-8826-8e62bc5ba109', 'bb90ec41-ce2d-4165-993b-c5ee2aabe8ce', 0),
('978d41ee-1f38-4c84-8826-8e62bc5ba109', 'e1d9cee7-ecde-4d07-bc64-3cec9c3f7b04', 0),
('978d41ee-1f38-4c84-8826-8e62bc5ba109', 'a89d646a-230a-43ee-bd42-7988a4f80711', 0),
('978d41ee-1f38-4c84-8826-8e62bc5ba109', 'd2a3e8cf-b32d-4abe-9ae8-6ce7a89d2f64', 0),
('978d41ee-1f38-4c84-8826-8e62bc5ba109', 'fe3b72a5-0aa0-49f3-8407-accf2b081227', 0),
('978d41ee-1f38-4c84-8826-8e62bc5ba109', '1e00d247-6e57-413e-9ede-d4835f5cfbd1', 0),
('978d41ee-1f38-4c84-8826-8e62bc5ba109', 'f32c8b31-d086-4d22-95e3-efb8e6cebbd8', 0),
('978d41ee-1f38-4c84-8826-8e62bc5ba109', '6ab42fcb-33e8-4f13-ba58-c1ad5d98d543', 0),
('978d41ee-1f38-4c84-8826-8e62bc5ba109', '99aa6f02-c3c4-44fa-aa2a-23f31c2f355b', 0),
('978d41ee-1f38-4c84-8826-8e62bc5ba109', 'f4f1479f-ccb7-4519-a636-fd3f1f8f921c', 0),
('978d41ee-1f38-4c84-8826-8e62bc5ba109', 'd41d8cd9-245e-45ff-a5a7-d5d80a42f118', 0),
('978d41ee-1f38-4c84-8826-8e62bc5ba109', '98087cf2-9ae8-46b8-9bba-4cd0f63c8c08', 0),
('978d41ee-1f38-4c84-8826-8e62bc5ba109', 'da17e22b-8b95-4f85-83d3-57a1ec9613e7', 0),
('978d41ee-1f38-4c84-8826-8e62bc5ba109', '3c16dffc-25a0-45ac-804d-cfcfbe730f1b', 0),
('978d41ee-1f38-4c84-8826-8e62bc5ba109', '4fa7fb3d-1aa8-4e91-ba7a-6f4781c01d41', 0),
('978d41ee-1f38-4c84-8826-8e62bc5ba109', 'b4e62a70-8b1d-4dd3-af8a-b44f6737fb22', 0),

('da189940-d09e-4587-9665-8efdf10684dd', '4e75ecdd-aafe-4c35-836b-1b83fc7b8f88', 1),
('da189940-d09e-4587-9665-8efdf10684dd', '8c301aa9-6d56-4c06-b1f2-9b9956979345', 0),
('da189940-d09e-4587-9665-8efdf10684dd', 'fc3e6343-6f10-42e8-91c9-2d36c0154c42', 0),
('da189940-d09e-4587-9665-8efdf10684dd', '96de52c4-7dbf-4db1-baed-255c8f9215db', 0),
('da189940-d09e-4587-9665-8efdf10684dd', '66c4b36e-0fac-4911-9e9a-98d42d8ece10', 0),
('da189940-d09e-4587-9665-8efdf10684dd', '1d9d1b54-6430-45c5-85d6-ae4d2288223f', 0),
('da189940-d09e-4587-9665-8efdf10684dd', '6fbd52c1-d395-4349-975b-70916be1b8d0', 0),
('da189940-d09e-4587-9665-8efdf10684dd', 'b37cefef-c6d2-49a7-8b12-cdeacf5fe4c1', 0),
('da189940-d09e-4587-9665-8efdf10684dd', '08af1af0-b71e-44bc-b5d3-82dab55d6b81', 0),
('da189940-d09e-4587-9665-8efdf10684dd', '2f715aa4-7597-4f8e-9594-1f0245d16a97', 0),
('da189940-d09e-4587-9665-8efdf10684dd', '6a1e646b-e42d-4336-88c6-cb44d5f50682', 0),
('da189940-d09e-4587-9665-8efdf10684dd', '3f7b8c31-2f1f-4a5b-8b01-3395bf4c0931', 0),
('da189940-d09e-4587-9665-8efdf10684dd', '3a448c5a-e1c8-456e-955f-ed2f98d87aa6', 0),
('da189940-d09e-4587-9665-8efdf10684dd', '9e198401-4c15-4d2d-b9fb-63001bee256e', 0),
('da189940-d09e-4587-9665-8efdf10684dd', '60d224af-d862-43e5-b6f8-9c977feb2cfe', 0),
('da189940-d09e-4587-9665-8efdf10684dd', 'e5b25542-e19b-4661-a5e8-72fa34bfb7c9', 0),
('da189940-d09e-4587-9665-8efdf10684dd', 'bdfd8e1e-09f2-4a2b-a2ec-6381b3f63616', 0),
('da189940-d09e-4587-9665-8efdf10684dd', '7aeef64b-accf-4e2c-8009-1e62cbc85689', 0),
('da189940-d09e-4587-9665-8efdf10684dd', 'f33a1cf0-5c51-4b65-a0fe-88d28cb33155', 0),
('da189940-d09e-4587-9665-8efdf10684dd', '124f550a-50d0-4f6a-b445-1b9a31a48571', 0),
('da189940-d09e-4587-9665-8efdf10684dd', 'dc3f0a12-0809-4fec-b70d-8a2035fc3cf0', 0),
('da189940-d09e-4587-9665-8efdf10684dd', '90d3f8b5-a0fd-4616-a5ed-ebea0340b29f', 0),
('da189940-d09e-4587-9665-8efdf10684dd', '2f41b1f0-bf26-406f-95ff-e29ee92b5a3a', 0),
('da189940-d09e-4587-9665-8efdf10684dd', '6a9fcd23-2c91-4a32-a3c2-f44e35f1a421', 0),
('da189940-d09e-4587-9665-8efdf10684dd', '4b6e5e08-93b2-4f37-8c80-f59c662153e4', 0),
('da189940-d09e-4587-9665-8efdf10684dd', '0f9d6cf2-497e-48ff-b1fa-440678951c28', 0),
('da189940-d09e-4587-9665-8efdf10684dd', 'e97b22b8-d9a1-4a5e-bfa1-6ba9cc0758cf', 0),
('da189940-d09e-4587-9665-8efdf10684dd', '78322f23-3f6f-4420-ad26-3a014f5c5ea5', 0),
('da189940-d09e-4587-9665-8efdf10684dd', '2a0c3b05-5f01-4b6b-84ea-b22f8bc301dc', 0),
('da189940-d09e-4587-9665-8efdf10684dd', '4d905d70-95e3-4e76-bf59-ace2d3ec05ad', 0),
('da189940-d09e-4587-9665-8efdf10684dd', '9cb82f47-a287-403a-a5c6-0f821d7d4c8a', 0),
('da189940-d09e-4587-9665-8efdf10684dd', '0ac3e817-eda5-4a60-9e8c-6a82e2a3e5f3', 0),
('da189940-d09e-4587-9665-8efdf10684dd', 'cd1f9668-1eed-4a1c-9894-f7b3e3b9b486', 0),
('da189940-d09e-4587-9665-8efdf10684dd', 'f98851a4-dd7b-45df-83d2-77df1f53f678', 0),
('da189940-d09e-4587-9665-8efdf10684dd', '2ba4fb8c-22d7-4ba6-9e95-1a1bfaa0fb4b', 0),
('da189940-d09e-4587-9665-8efdf10684dd', 'bb90ec41-ce2d-4165-993b-c5ee2aabe8ce', 0),
('da189940-d09e-4587-9665-8efdf10684dd', 'e1d9cee7-ecde-4d07-bc64-3cec9c3f7b04', 0),
('da189940-d09e-4587-9665-8efdf10684dd', 'a89d646a-230a-43ee-bd42-7988a4f80711', 0),
('da189940-d09e-4587-9665-8efdf10684dd', 'd2a3e8cf-b32d-4abe-9ae8-6ce7a89d2f64', 0),
('da189940-d09e-4587-9665-8efdf10684dd', 'fe3b72a5-0aa0-49f3-8407-accf2b081227', 0),
('da189940-d09e-4587-9665-8efdf10684dd', '1e00d247-6e57-413e-9ede-d4835f5cfbd1', 0),
('da189940-d09e-4587-9665-8efdf10684dd', 'f32c8b31-d086-4d22-95e3-efb8e6cebbd8', 0),
('da189940-d09e-4587-9665-8efdf10684dd', '6ab42fcb-33e8-4f13-ba58-c1ad5d98d543', 0),
('da189940-d09e-4587-9665-8efdf10684dd', '99aa6f02-c3c4-44fa-aa2a-23f31c2f355b', 0),
('da189940-d09e-4587-9665-8efdf10684dd', 'f4f1479f-ccb7-4519-a636-fd3f1f8f921c', 0),
('da189940-d09e-4587-9665-8efdf10684dd', 'd41d8cd9-245e-45ff-a5a7-d5d80a42f118', 0),
('da189940-d09e-4587-9665-8efdf10684dd', '98087cf2-9ae8-46b8-9bba-4cd0f63c8c08', 0),
('da189940-d09e-4587-9665-8efdf10684dd', 'da17e22b-8b95-4f85-83d3-57a1ec9613e7', 0),
('da189940-d09e-4587-9665-8efdf10684dd', '3c16dffc-25a0-45ac-804d-cfcfbe730f1b', 0),
('da189940-d09e-4587-9665-8efdf10684dd', '4fa7fb3d-1aa8-4e91-ba7a-6f4781c01d41', 0),
('da189940-d09e-4587-9665-8efdf10684dd', 'b4e62a70-8b1d-4dd3-af8a-b44f6737fb22', 0),

('a3daa48b-ece1-430e-a609-32e6c79c232f', '4e75ecdd-aafe-4c35-836b-1b83fc7b8f88', 0),
('a3daa48b-ece1-430e-a609-32e6c79c232f', '8c301aa9-6d56-4c06-b1f2-9b9956979345', 0),
('a3daa48b-ece1-430e-a609-32e6c79c232f', 'fc3e6343-6f10-42e8-91c9-2d36c0154c42', 0),
('a3daa48b-ece1-430e-a609-32e6c79c232f', '96de52c4-7dbf-4db1-baed-255c8f9215db', 0),
('a3daa48b-ece1-430e-a609-32e6c79c232f', '66c4b36e-0fac-4911-9e9a-98d42d8ece10', 0),
('a3daa48b-ece1-430e-a609-32e6c79c232f', '1d9d1b54-6430-45c5-85d6-ae4d2288223f', 0),
('a3daa48b-ece1-430e-a609-32e6c79c232f', '6fbd52c1-d395-4349-975b-70916be1b8d0', 0),
('a3daa48b-ece1-430e-a609-32e6c79c232f', 'b37cefef-c6d2-49a7-8b12-cdeacf5fe4c1', 0),
('a3daa48b-ece1-430e-a609-32e6c79c232f', '08af1af0-b71e-44bc-b5d3-82dab55d6b81', 0),
('a3daa48b-ece1-430e-a609-32e6c79c232f', '2f715aa4-7597-4f8e-9594-1f0245d16a97', 0),
('a3daa48b-ece1-430e-a609-32e6c79c232f', '6a1e646b-e42d-4336-88c6-cb44d5f50682', 0),
('a3daa48b-ece1-430e-a609-32e6c79c232f', '3f7b8c31-2f1f-4a5b-8b01-3395bf4c0931', 0),
('a3daa48b-ece1-430e-a609-32e6c79c232f', '3a448c5a-e1c8-456e-955f-ed2f98d87aa6', 0),
('a3daa48b-ece1-430e-a609-32e6c79c232f', '9e198401-4c15-4d2d-b9fb-63001bee256e', 0),
('a3daa48b-ece1-430e-a609-32e6c79c232f', '60d224af-d862-43e5-b6f8-9c977feb2cfe', 0),
('a3daa48b-ece1-430e-a609-32e6c79c232f', 'e5b25542-e19b-4661-a5e8-72fa34bfb7c9', 0),
('a3daa48b-ece1-430e-a609-32e6c79c232f', 'bdfd8e1e-09f2-4a2b-a2ec-6381b3f63616', 0),
('a3daa48b-ece1-430e-a609-32e6c79c232f', '7aeef64b-accf-4e2c-8009-1e62cbc85689', 0),
('a3daa48b-ece1-430e-a609-32e6c79c232f', 'f33a1cf0-5c51-4b65-a0fe-88d28cb33155', 0),
('a3daa48b-ece1-430e-a609-32e6c79c232f', '124f550a-50d0-4f6a-b445-1b9a31a48571', 0),
('a3daa48b-ece1-430e-a609-32e6c79c232f', 'dc3f0a12-0809-4fec-b70d-8a2035fc3cf0', 0),
('a3daa48b-ece1-430e-a609-32e6c79c232f', '90d3f8b5-a0fd-4616-a5ed-ebea0340b29f', 0),
('a3daa48b-ece1-430e-a609-32e6c79c232f', '2f41b1f0-bf26-406f-95ff-e29ee92b5a3a', 0),
('a3daa48b-ece1-430e-a609-32e6c79c232f', '6a9fcd23-2c91-4a32-a3c2-f44e35f1a421', 0),
('a3daa48b-ece1-430e-a609-32e6c79c232f', '4b6e5e08-93b2-4f37-8c80-f59c662153e4', 0),
('a3daa48b-ece1-430e-a609-32e6c79c232f', '0f9d6cf2-497e-48ff-b1fa-440678951c28', 0),
('a3daa48b-ece1-430e-a609-32e6c79c232f', 'e97b22b8-d9a1-4a5e-bfa1-6ba9cc0758cf', 0),
('a3daa48b-ece1-430e-a609-32e6c79c232f', '78322f23-3f6f-4420-ad26-3a014f5c5ea5', 0),
('a3daa48b-ece1-430e-a609-32e6c79c232f', '2a0c3b05-5f01-4b6b-84ea-b22f8bc301dc', 0),
('a3daa48b-ece1-430e-a609-32e6c79c232f', '4d905d70-95e3-4e76-bf59-ace2d3ec05ad', 0),
('a3daa48b-ece1-430e-a609-32e6c79c232f', '9cb82f47-a287-403a-a5c6-0f821d7d4c8a', 0),
('a3daa48b-ece1-430e-a609-32e6c79c232f', '0ac3e817-eda5-4a60-9e8c-6a82e2a3e5f3', 0),
('a3daa48b-ece1-430e-a609-32e6c79c232f', 'cd1f9668-1eed-4a1c-9894-f7b3e3b9b486', 0),
('a3daa48b-ece1-430e-a609-32e6c79c232f', 'f98851a4-dd7b-45df-83d2-77df1f53f678', 0),
('a3daa48b-ece1-430e-a609-32e6c79c232f', '2ba4fb8c-22d7-4ba6-9e95-1a1bfaa0fb4b', 0),
('a3daa48b-ece1-430e-a609-32e6c79c232f', 'bb90ec41-ce2d-4165-993b-c5ee2aabe8ce', 0),
('a3daa48b-ece1-430e-a609-32e6c79c232f', 'e1d9cee7-ecde-4d07-bc64-3cec9c3f7b04', 0),
('a3daa48b-ece1-430e-a609-32e6c79c232f', 'a89d646a-230a-43ee-bd42-7988a4f80711', 0),
('a3daa48b-ece1-430e-a609-32e6c79c232f', 'd2a3e8cf-b32d-4abe-9ae8-6ce7a89d2f64', 0),
('a3daa48b-ece1-430e-a609-32e6c79c232f', 'fe3b72a5-0aa0-49f3-8407-accf2b081227', 0),
('a3daa48b-ece1-430e-a609-32e6c79c232f', '1e00d247-6e57-413e-9ede-d4835f5cfbd1', 0),
('a3daa48b-ece1-430e-a609-32e6c79c232f', 'f32c8b31-d086-4d22-95e3-efb8e6cebbd8', 0),
('a3daa48b-ece1-430e-a609-32e6c79c232f', '6ab42fcb-33e8-4f13-ba58-c1ad5d98d543', 0),
('a3daa48b-ece1-430e-a609-32e6c79c232f', '99aa6f02-c3c4-44fa-aa2a-23f31c2f355b', 0),
('a3daa48b-ece1-430e-a609-32e6c79c232f', 'f4f1479f-ccb7-4519-a636-fd3f1f8f921c', 0),
('a3daa48b-ece1-430e-a609-32e6c79c232f', 'd41d8cd9-245e-45ff-a5a7-d5d80a42f118', 0),
('a3daa48b-ece1-430e-a609-32e6c79c232f', '98087cf2-9ae8-46b8-9bba-4cd0f63c8c08', 0),
('a3daa48b-ece1-430e-a609-32e6c79c232f', 'da17e22b-8b95-4f85-83d3-57a1ec9613e7', 0),
('a3daa48b-ece1-430e-a609-32e6c79c232f', '3c16dffc-25a0-45ac-804d-cfcfbe730f1b', 0),
('a3daa48b-ece1-430e-a609-32e6c79c232f', '4fa7fb3d-1aa8-4e91-ba7a-6f4781c01d41', 0),
('a3daa48b-ece1-430e-a609-32e6c79c232f', 'b4e62a70-8b1d-4dd3-af8a-b44f6737fb22', 0);

INSERT [dbo].[UserSongs] ([UserId], [SongId], [PlayCount]) VALUES 
('0a9e546f-38b4-4dbf-a482-24a82169890e', '64f534f8-f2d4-4402-95a3-54de48b678a8', 0),
('0a9e546f-38b4-4dbf-a482-24a82169890e', '278cfa5a-6f44-420e-9930-07da6c43a6ad', 0),
('0a9e546f-38b4-4dbf-a482-24a82169890e', '7ef7351b-912e-4a64-ba6d-cfdfcb7d56af', 0),
('0a9e546f-38b4-4dbf-a482-24a82169890e', '03b3fb9f-38af-4074-8ab5-b9644ab44397', 0),
('0a9e546f-38b4-4dbf-a482-24a82169890e', '3aff8c17-3c98-44ed-a849-1976d2c4a91a', 0),
('0a9e546f-38b4-4dbf-a482-24a82169890e', 'e7b0024e-cc97-46a8-bd3a-450607eebe3c', 0),
('0a9e546f-38b4-4dbf-a482-24a82169890e', '8a5f664a-c72d-46b2-b12b-b38e4a5ec67f', 0),
('0a9e546f-38b4-4dbf-a482-24a82169890e', '83b64a87-6bc5-4b61-9121-505f37b81682', 0),
('0a9e546f-38b4-4dbf-a482-24a82169890e', '23abfe5e-e938-4bf5-93d4-202e2fa3aa3e', 0),
('0a9e546f-38b4-4dbf-a482-24a82169890e', '48f88f8f-c393-4bda-9812-a748486f404e', 0),
('0a9e546f-38b4-4dbf-a482-24a82169890e', 'eb6c8e4c-502e-45b4-9a69-387e33cdadb1', 0),
('0a9e546f-38b4-4dbf-a482-24a82169890e', '68b0682b-9ac7-42a2-873a-8e9874e12953', 0),
('0a9e546f-38b4-4dbf-a482-24a82169890e', '1e43835a-4902-4d12-abaf-0bc8f2dae2aa', 0),
('0a9e546f-38b4-4dbf-a482-24a82169890e', '19dc1564-8c00-4377-95db-16535a80610a', 0),
('0a9e546f-38b4-4dbf-a482-24a82169890e', 'b26a4472-db66-4bec-926d-bb53f31083c2', 0),
('0a9e546f-38b4-4dbf-a482-24a82169890e', 'e91a010d-0fa4-4801-bee5-1974e87ab3d2', 0),
('0a9e546f-38b4-4dbf-a482-24a82169890e', '469b6456-1157-43da-a275-88c983fcee9d', 0),
('0a9e546f-38b4-4dbf-a482-24a82169890e', 'c23a762d-0f9f-43b9-8a6a-7a34421ee042', 0),
('0a9e546f-38b4-4dbf-a482-24a82169890e', '80b291d4-5306-4879-8aa1-fec2ea4b6516', 0),
('0a9e546f-38b4-4dbf-a482-24a82169890e', '81acd1bf-e6f3-44c4-ad24-c47dc22adc60', 0),
('0a9e546f-38b4-4dbf-a482-24a82169890e', '0e13b758-e1dc-4f5a-a481-de9ab43934f1', 0),
('0a9e546f-38b4-4dbf-a482-24a82169890e', '9acfdf82-5ffd-474d-8303-b22a2a9ce0f8', 0),
('0a9e546f-38b4-4dbf-a482-24a82169890e', '586efb75-57ab-43ca-9b85-3bdeeae3ae19', 0),
('0a9e546f-38b4-4dbf-a482-24a82169890e', 'e4be062f-b594-4580-b514-d9d6cdaf2933', 0),
('0a9e546f-38b4-4dbf-a482-24a82169890e', '0500418e-bfad-4cd1-860d-994cbdc9e2df', 0),
('0a9e546f-38b4-4dbf-a482-24a82169890e', 'bc81df0c-573b-4269-ac2c-2b2667967dbb', 0),
('0a9e546f-38b4-4dbf-a482-24a82169890e', '866d5272-594d-423d-b702-cfccbe7a8e44', 0),
('0a9e546f-38b4-4dbf-a482-24a82169890e', '5231566f-373d-46a2-af0f-62e1a9ea643b', 0),
('0a9e546f-38b4-4dbf-a482-24a82169890e', '70eb9a4b-be40-4b01-8534-796bb5f02d90', 0),
('0a9e546f-38b4-4dbf-a482-24a82169890e', 'bb5f149f-8e45-455c-91d1-97639e96f671', 0),
('0a9e546f-38b4-4dbf-a482-24a82169890e', '4a88b128-2471-4f25-b51a-136363ddbe7d', 0),
('0a9e546f-38b4-4dbf-a482-24a82169890e', '84b69406-d92e-4feb-a313-f1f373f1958c', 0),
('0a9e546f-38b4-4dbf-a482-24a82169890e', 'ded148fc-19d8-478a-9060-0b4543727d37', 0),
('0a9e546f-38b4-4dbf-a482-24a82169890e', '92388b4d-6ff6-4500-9b02-24d4227f3a28', 0),
('0a9e546f-38b4-4dbf-a482-24a82169890e', 'e1817fb5-5fb6-44aa-abbf-eda52cc578d7', 0),
('0a9e546f-38b4-4dbf-a482-24a82169890e', '9a5f706f-ae38-418d-b911-77559d20e076', 0),
('0a9e546f-38b4-4dbf-a482-24a82169890e', '01db55cc-7d06-4778-b9c1-7ccdc3e3cd13', 0),
('0a9e546f-38b4-4dbf-a482-24a82169890e', 'f80a900f-e0a5-4cc3-8adf-27c6309b81ca', 0),
('0a9e546f-38b4-4dbf-a482-24a82169890e', 'd6a31188-c1b8-4976-b372-aced401f2347', 0),
('0a9e546f-38b4-4dbf-a482-24a82169890e', '8f0191bc-a242-4cb0-a9ba-38f48e823e54', 0),
('0a9e546f-38b4-4dbf-a482-24a82169890e', 'c80e5abb-3759-49eb-8cbe-c2b7ff742072', 0),
('0a9e546f-38b4-4dbf-a482-24a82169890e', 'f1647832-8eb1-460d-a5ae-c9fac5e2cd5d', 0),
('0a9e546f-38b4-4dbf-a482-24a82169890e', 'e3d3e750-7179-4189-9c19-fd546c4493c5', 0),
('0a9e546f-38b4-4dbf-a482-24a82169890e', '2a14abb5-4eea-46e2-bb70-2cf907acbf09', 0),
('0a9e546f-38b4-4dbf-a482-24a82169890e', '8f764924-0f7a-49e0-a39d-d29f9c3b1161', 0),
('0a9e546f-38b4-4dbf-a482-24a82169890e', '2dec0615-0284-4260-a0f8-44baa2954bc4', 0),
('0a9e546f-38b4-4dbf-a482-24a82169890e', '55bce552-42e3-4ae9-96d2-6df192f2ac50', 0),
('0a9e546f-38b4-4dbf-a482-24a82169890e', '7aaaf887-d5e5-47b6-b14b-6dfb7e423ea8', 0),
('0a9e546f-38b4-4dbf-a482-24a82169890e', 'f7a5b648-8efe-41a8-8407-a9a76d8eb6fc', 0),
('0a9e546f-38b4-4dbf-a482-24a82169890e', '25d27dd1-8add-421e-93e0-ba7d964ff990', 0),
('0a9e546f-38b4-4dbf-a482-24a82169890e', '93218e81-668d-4697-ab5b-e9e04cc9732d', 0),
('0a9e546f-38b4-4dbf-a482-24a82169890e', '3e5f72f3-c2f9-4771-99c8-5a5ced274ed7', 0),
('0a9e546f-38b4-4dbf-a482-24a82169890e', 'c00dd550-41aa-41e3-890e-abf3c937e62f', 0),
('0a9e546f-38b4-4dbf-a482-24a82169890e', 'bd5e6040-ba62-4a5d-aeda-ba81f6f46eea', 0),
('0a9e546f-38b4-4dbf-a482-24a82169890e', '448f0c35-54b1-4bd3-9a37-24b350b50d0f', 0),
('0a9e546f-38b4-4dbf-a482-24a82169890e', '835cb2dd-fb45-4605-9445-a2d14d2fba7b', 0),
('0a9e546f-38b4-4dbf-a482-24a82169890e', 'd38a98c4-5cc7-45a2-93c0-4d03ff9cb496', 0),
('0a9e546f-38b4-4dbf-a482-24a82169890e', '34531668-8c68-4ebd-a6a7-36645e9bac97', 0),
('0a9e546f-38b4-4dbf-a482-24a82169890e', 'f2c126f4-0b32-46b1-a293-e4d53fd70d0f', 0),
('0a9e546f-38b4-4dbf-a482-24a82169890e', '095f7293-c7b5-4c29-9112-4aa24a8c063a', 0),
('0a9e546f-38b4-4dbf-a482-24a82169890e', '1a4c8801-de6e-4787-b940-69ec4b9e8ad1', 0),
('0a9e546f-38b4-4dbf-a482-24a82169890e', 'a1f09d89-9f92-4531-ae83-7d595da08138', 0),
('0a9e546f-38b4-4dbf-a482-24a82169890e', '923182ab-0058-40ea-a878-f6ba3dad4f74', 0),
('0a9e546f-38b4-4dbf-a482-24a82169890e', '3c15b1af-8b00-4356-ae83-873a553d99c6', 0),
('0a9e546f-38b4-4dbf-a482-24a82169890e', '3dab7f91-33f3-4271-a2ff-d9b5eb232068', 0),
('0a9e546f-38b4-4dbf-a482-24a82169890e', '74316db6-7ad9-4570-b837-136944e986ad', 0),
('0a9e546f-38b4-4dbf-a482-24a82169890e', '4cf28277-1496-4420-ac8a-9c24e1e41181', 0),
('0a9e546f-38b4-4dbf-a482-24a82169890e', '9a9e7afb-d32b-4975-a7ed-d0174761e6e7', 0),
('0a9e546f-38b4-4dbf-a482-24a82169890e', 'ad372f33-1ace-46da-b3ef-f9156398a019', 0),
('0a9e546f-38b4-4dbf-a482-24a82169890e', 'bc795075-07ac-4458-a8a2-56b7d8ab0437', 0),
('0a9e546f-38b4-4dbf-a482-24a82169890e', '72c4be16-5b12-432b-8cec-4fa162788527', 0),
('0a9e546f-38b4-4dbf-a482-24a82169890e', 'f111ef40-05d2-4e04-9856-d63fade4a12d', 0),
('0a9e546f-38b4-4dbf-a482-24a82169890e', 'f027a18c-3164-42a2-b49b-f299a1477798', 0),
('0a9e546f-38b4-4dbf-a482-24a82169890e', 'a19c9d5d-5999-4972-aca8-1990d6c854ea', 0),
('0a9e546f-38b4-4dbf-a482-24a82169890e', '46d680bc-036d-4e72-bb12-1d8ed212c83a', 0),
('0a9e546f-38b4-4dbf-a482-24a82169890e', '8f162292-9e44-4003-97b8-86fe410c486a', 0),
('0a9e546f-38b4-4dbf-a482-24a82169890e', 'b2c5d58f-9983-48c5-8a1e-96dafdb3307c', 0),
('0a9e546f-38b4-4dbf-a482-24a82169890e', 'd7cc064f-70a0-43ad-bd86-8d200580d6b8', 0),
('0a9e546f-38b4-4dbf-a482-24a82169890e', 'daf6789f-eb96-423c-9958-82ba17c4517a', 0),
('0a9e546f-38b4-4dbf-a482-24a82169890e', '5248af81-7450-48a8-bce9-d179a79101b3', 0),
('0a9e546f-38b4-4dbf-a482-24a82169890e', 'a8bdf565-b0d2-46dd-aa34-fedd762ff61c', 0),
('0a9e546f-38b4-4dbf-a482-24a82169890e', 'be8f4a76-9966-4b2f-95ef-067dd7879655', 0),
('0a9e546f-38b4-4dbf-a482-24a82169890e', '5904e413-0619-4099-afbc-71e133a68511', 0),
('0a9e546f-38b4-4dbf-a482-24a82169890e', 'a5780fe8-4708-4574-a3de-416064b970d1', 0),
('0a9e546f-38b4-4dbf-a482-24a82169890e', '212c0538-0cb2-4126-bcc9-baaa8265afb2', 0),
('0a9e546f-38b4-4dbf-a482-24a82169890e', '748d7f2c-0e5d-45cd-8f5d-77da302bbc0c', 0),
('0a9e546f-38b4-4dbf-a482-24a82169890e', '3a2b8ce7-e279-42dd-8905-a42d35bf6fa0', 0),
('0a9e546f-38b4-4dbf-a482-24a82169890e', 'af20c27b-e20c-459a-bbde-7603fc8715fc', 0),
('0a9e546f-38b4-4dbf-a482-24a82169890e', 'a23d5a35-4168-40d2-a8eb-cd15f71f120c', 0),
('0a9e546f-38b4-4dbf-a482-24a82169890e', '8b39efa4-ce8d-4617-84e7-45bf095c290a', 0),

('7eb88892-549b-4cae-90be-c52088354643', '64f534f8-f2d4-4402-95a3-54de48b678a8', 0),
('7eb88892-549b-4cae-90be-c52088354643', '278cfa5a-6f44-420e-9930-07da6c43a6ad', 0),
('7eb88892-549b-4cae-90be-c52088354643', '7ef7351b-912e-4a64-ba6d-cfdfcb7d56af', 0),
('7eb88892-549b-4cae-90be-c52088354643', '03b3fb9f-38af-4074-8ab5-b9644ab44397', 0),
('7eb88892-549b-4cae-90be-c52088354643', '3aff8c17-3c98-44ed-a849-1976d2c4a91a', 0),
('7eb88892-549b-4cae-90be-c52088354643', 'e7b0024e-cc97-46a8-bd3a-450607eebe3c', 0),
('7eb88892-549b-4cae-90be-c52088354643', '8a5f664a-c72d-46b2-b12b-b38e4a5ec67f', 0),
('7eb88892-549b-4cae-90be-c52088354643', '83b64a87-6bc5-4b61-9121-505f37b81682', 0),
('7eb88892-549b-4cae-90be-c52088354643', '23abfe5e-e938-4bf5-93d4-202e2fa3aa3e', 0),
('7eb88892-549b-4cae-90be-c52088354643', '48f88f8f-c393-4bda-9812-a748486f404e', 0),
('7eb88892-549b-4cae-90be-c52088354643', 'eb6c8e4c-502e-45b4-9a69-387e33cdadb1', 0),
('7eb88892-549b-4cae-90be-c52088354643', '68b0682b-9ac7-42a2-873a-8e9874e12953', 0),
('7eb88892-549b-4cae-90be-c52088354643', '1e43835a-4902-4d12-abaf-0bc8f2dae2aa', 0),
('7eb88892-549b-4cae-90be-c52088354643', '19dc1564-8c00-4377-95db-16535a80610a', 0),
('7eb88892-549b-4cae-90be-c52088354643', 'b26a4472-db66-4bec-926d-bb53f31083c2', 0),
('7eb88892-549b-4cae-90be-c52088354643', 'e91a010d-0fa4-4801-bee5-1974e87ab3d2', 0),
('7eb88892-549b-4cae-90be-c52088354643', '469b6456-1157-43da-a275-88c983fcee9d', 0),
('7eb88892-549b-4cae-90be-c52088354643', 'c23a762d-0f9f-43b9-8a6a-7a34421ee042', 0),
('7eb88892-549b-4cae-90be-c52088354643', '80b291d4-5306-4879-8aa1-fec2ea4b6516', 0),
('7eb88892-549b-4cae-90be-c52088354643', '81acd1bf-e6f3-44c4-ad24-c47dc22adc60', 0),
('7eb88892-549b-4cae-90be-c52088354643', '0e13b758-e1dc-4f5a-a481-de9ab43934f1', 0),
('7eb88892-549b-4cae-90be-c52088354643', '9acfdf82-5ffd-474d-8303-b22a2a9ce0f8', 0),
('7eb88892-549b-4cae-90be-c52088354643', '586efb75-57ab-43ca-9b85-3bdeeae3ae19', 0),
('7eb88892-549b-4cae-90be-c52088354643', 'e4be062f-b594-4580-b514-d9d6cdaf2933', 0),
('7eb88892-549b-4cae-90be-c52088354643', '0500418e-bfad-4cd1-860d-994cbdc9e2df', 0),
('7eb88892-549b-4cae-90be-c52088354643', 'bc81df0c-573b-4269-ac2c-2b2667967dbb', 0),
('7eb88892-549b-4cae-90be-c52088354643', '866d5272-594d-423d-b702-cfccbe7a8e44', 0),
('7eb88892-549b-4cae-90be-c52088354643', '5231566f-373d-46a2-af0f-62e1a9ea643b', 0),
('7eb88892-549b-4cae-90be-c52088354643', '70eb9a4b-be40-4b01-8534-796bb5f02d90', 0),
('7eb88892-549b-4cae-90be-c52088354643', 'bb5f149f-8e45-455c-91d1-97639e96f671', 0),
('7eb88892-549b-4cae-90be-c52088354643', '4a88b128-2471-4f25-b51a-136363ddbe7d', 0),
('7eb88892-549b-4cae-90be-c52088354643', '84b69406-d92e-4feb-a313-f1f373f1958c', 0),
('7eb88892-549b-4cae-90be-c52088354643', 'ded148fc-19d8-478a-9060-0b4543727d37', 0),
('7eb88892-549b-4cae-90be-c52088354643', '92388b4d-6ff6-4500-9b02-24d4227f3a28', 0),
('7eb88892-549b-4cae-90be-c52088354643', 'e1817fb5-5fb6-44aa-abbf-eda52cc578d7', 0),
('7eb88892-549b-4cae-90be-c52088354643', '9a5f706f-ae38-418d-b911-77559d20e076', 0),
('7eb88892-549b-4cae-90be-c52088354643', '01db55cc-7d06-4778-b9c1-7ccdc3e3cd13', 0),
('7eb88892-549b-4cae-90be-c52088354643', 'f80a900f-e0a5-4cc3-8adf-27c6309b81ca', 0),
('7eb88892-549b-4cae-90be-c52088354643', 'd6a31188-c1b8-4976-b372-aced401f2347', 0),
('7eb88892-549b-4cae-90be-c52088354643', '8f0191bc-a242-4cb0-a9ba-38f48e823e54', 0),
('7eb88892-549b-4cae-90be-c52088354643', 'c80e5abb-3759-49eb-8cbe-c2b7ff742072', 0),
('7eb88892-549b-4cae-90be-c52088354643', 'f1647832-8eb1-460d-a5ae-c9fac5e2cd5d', 0),
('7eb88892-549b-4cae-90be-c52088354643', 'e3d3e750-7179-4189-9c19-fd546c4493c5', 0),
('7eb88892-549b-4cae-90be-c52088354643', '2a14abb5-4eea-46e2-bb70-2cf907acbf09', 0),
('7eb88892-549b-4cae-90be-c52088354643', '8f764924-0f7a-49e0-a39d-d29f9c3b1161', 0),
('7eb88892-549b-4cae-90be-c52088354643', '2dec0615-0284-4260-a0f8-44baa2954bc4', 0),
('7eb88892-549b-4cae-90be-c52088354643', '55bce552-42e3-4ae9-96d2-6df192f2ac50', 0),
('7eb88892-549b-4cae-90be-c52088354643', '7aaaf887-d5e5-47b6-b14b-6dfb7e423ea8', 0),
('7eb88892-549b-4cae-90be-c52088354643', 'f7a5b648-8efe-41a8-8407-a9a76d8eb6fc', 0),
('7eb88892-549b-4cae-90be-c52088354643', '25d27dd1-8add-421e-93e0-ba7d964ff990', 0),
('7eb88892-549b-4cae-90be-c52088354643', '93218e81-668d-4697-ab5b-e9e04cc9732d', 0),
('7eb88892-549b-4cae-90be-c52088354643', '3e5f72f3-c2f9-4771-99c8-5a5ced274ed7', 0),
('7eb88892-549b-4cae-90be-c52088354643', 'c00dd550-41aa-41e3-890e-abf3c937e62f', 0),
('7eb88892-549b-4cae-90be-c52088354643', 'bd5e6040-ba62-4a5d-aeda-ba81f6f46eea', 0),
('7eb88892-549b-4cae-90be-c52088354643', '448f0c35-54b1-4bd3-9a37-24b350b50d0f', 0),
('7eb88892-549b-4cae-90be-c52088354643', '835cb2dd-fb45-4605-9445-a2d14d2fba7b', 0),
('7eb88892-549b-4cae-90be-c52088354643', 'd38a98c4-5cc7-45a2-93c0-4d03ff9cb496', 0),
('7eb88892-549b-4cae-90be-c52088354643', '34531668-8c68-4ebd-a6a7-36645e9bac97', 0),
('7eb88892-549b-4cae-90be-c52088354643', 'f2c126f4-0b32-46b1-a293-e4d53fd70d0f', 0),
('7eb88892-549b-4cae-90be-c52088354643', '095f7293-c7b5-4c29-9112-4aa24a8c063a', 0),
('7eb88892-549b-4cae-90be-c52088354643', '1a4c8801-de6e-4787-b940-69ec4b9e8ad1', 0),
('7eb88892-549b-4cae-90be-c52088354643', 'a1f09d89-9f92-4531-ae83-7d595da08138', 0),
('7eb88892-549b-4cae-90be-c52088354643', '923182ab-0058-40ea-a878-f6ba3dad4f74', 0),
('7eb88892-549b-4cae-90be-c52088354643', '3c15b1af-8b00-4356-ae83-873a553d99c6', 0),
('7eb88892-549b-4cae-90be-c52088354643', '3dab7f91-33f3-4271-a2ff-d9b5eb232068', 0),
('7eb88892-549b-4cae-90be-c52088354643', '74316db6-7ad9-4570-b837-136944e986ad', 0),
('7eb88892-549b-4cae-90be-c52088354643', '4cf28277-1496-4420-ac8a-9c24e1e41181', 0),
('7eb88892-549b-4cae-90be-c52088354643', '9a9e7afb-d32b-4975-a7ed-d0174761e6e7', 0),
('7eb88892-549b-4cae-90be-c52088354643', 'ad372f33-1ace-46da-b3ef-f9156398a019', 0),
('7eb88892-549b-4cae-90be-c52088354643', 'bc795075-07ac-4458-a8a2-56b7d8ab0437', 0),
('7eb88892-549b-4cae-90be-c52088354643', '72c4be16-5b12-432b-8cec-4fa162788527', 0),
('7eb88892-549b-4cae-90be-c52088354643', 'f111ef40-05d2-4e04-9856-d63fade4a12d', 0),
('7eb88892-549b-4cae-90be-c52088354643', 'f027a18c-3164-42a2-b49b-f299a1477798', 0),
('7eb88892-549b-4cae-90be-c52088354643', 'a19c9d5d-5999-4972-aca8-1990d6c854ea', 0),
('7eb88892-549b-4cae-90be-c52088354643', '46d680bc-036d-4e72-bb12-1d8ed212c83a', 0),
('7eb88892-549b-4cae-90be-c52088354643', '8f162292-9e44-4003-97b8-86fe410c486a', 0),
('7eb88892-549b-4cae-90be-c52088354643', 'b2c5d58f-9983-48c5-8a1e-96dafdb3307c', 0),
('7eb88892-549b-4cae-90be-c52088354643', 'd7cc064f-70a0-43ad-bd86-8d200580d6b8', 0),
('7eb88892-549b-4cae-90be-c52088354643', 'daf6789f-eb96-423c-9958-82ba17c4517a', 0),
('7eb88892-549b-4cae-90be-c52088354643', '5248af81-7450-48a8-bce9-d179a79101b3', 0),
('7eb88892-549b-4cae-90be-c52088354643', 'a8bdf565-b0d2-46dd-aa34-fedd762ff61c', 0),
('7eb88892-549b-4cae-90be-c52088354643', 'be8f4a76-9966-4b2f-95ef-067dd7879655', 0),
('7eb88892-549b-4cae-90be-c52088354643', '5904e413-0619-4099-afbc-71e133a68511', 0),
('7eb88892-549b-4cae-90be-c52088354643', 'a5780fe8-4708-4574-a3de-416064b970d1', 0),
('7eb88892-549b-4cae-90be-c52088354643', '212c0538-0cb2-4126-bcc9-baaa8265afb2', 0),
('7eb88892-549b-4cae-90be-c52088354643', '748d7f2c-0e5d-45cd-8f5d-77da302bbc0c', 0),
('7eb88892-549b-4cae-90be-c52088354643', '3a2b8ce7-e279-42dd-8905-a42d35bf6fa0', 0),
('7eb88892-549b-4cae-90be-c52088354643', 'af20c27b-e20c-459a-bbde-7603fc8715fc', 0),
('7eb88892-549b-4cae-90be-c52088354643', 'a23d5a35-4168-40d2-a8eb-cd15f71f120c', 0),
('7eb88892-549b-4cae-90be-c52088354643', '8b39efa4-ce8d-4617-84e7-45bf095c290a', 0),

('36712aa4-77f0-4510-8425-cf53dad54840', '64f534f8-f2d4-4402-95a3-54de48b678a8', 0),
('36712aa4-77f0-4510-8425-cf53dad54840', '278cfa5a-6f44-420e-9930-07da6c43a6ad', 0),
('36712aa4-77f0-4510-8425-cf53dad54840', '7ef7351b-912e-4a64-ba6d-cfdfcb7d56af', 0),
('36712aa4-77f0-4510-8425-cf53dad54840', '03b3fb9f-38af-4074-8ab5-b9644ab44397', 0),
('36712aa4-77f0-4510-8425-cf53dad54840', '3aff8c17-3c98-44ed-a849-1976d2c4a91a', 0),
('36712aa4-77f0-4510-8425-cf53dad54840', 'e7b0024e-cc97-46a8-bd3a-450607eebe3c', 0),
('36712aa4-77f0-4510-8425-cf53dad54840', '8a5f664a-c72d-46b2-b12b-b38e4a5ec67f', 0),
('36712aa4-77f0-4510-8425-cf53dad54840', '83b64a87-6bc5-4b61-9121-505f37b81682', 0),
('36712aa4-77f0-4510-8425-cf53dad54840', '23abfe5e-e938-4bf5-93d4-202e2fa3aa3e', 0),
('36712aa4-77f0-4510-8425-cf53dad54840', '48f88f8f-c393-4bda-9812-a748486f404e', 0),
('36712aa4-77f0-4510-8425-cf53dad54840', 'eb6c8e4c-502e-45b4-9a69-387e33cdadb1', 0),
('36712aa4-77f0-4510-8425-cf53dad54840', '68b0682b-9ac7-42a2-873a-8e9874e12953', 0),
('36712aa4-77f0-4510-8425-cf53dad54840', '1e43835a-4902-4d12-abaf-0bc8f2dae2aa', 0),
('36712aa4-77f0-4510-8425-cf53dad54840', '19dc1564-8c00-4377-95db-16535a80610a', 0),
('36712aa4-77f0-4510-8425-cf53dad54840', 'b26a4472-db66-4bec-926d-bb53f31083c2', 0),
('36712aa4-77f0-4510-8425-cf53dad54840', 'e91a010d-0fa4-4801-bee5-1974e87ab3d2', 0),
('36712aa4-77f0-4510-8425-cf53dad54840', '469b6456-1157-43da-a275-88c983fcee9d', 0),
('36712aa4-77f0-4510-8425-cf53dad54840', 'c23a762d-0f9f-43b9-8a6a-7a34421ee042', 0),
('36712aa4-77f0-4510-8425-cf53dad54840', '80b291d4-5306-4879-8aa1-fec2ea4b6516', 0),
('36712aa4-77f0-4510-8425-cf53dad54840', '81acd1bf-e6f3-44c4-ad24-c47dc22adc60', 0),
('36712aa4-77f0-4510-8425-cf53dad54840', '0e13b758-e1dc-4f5a-a481-de9ab43934f1', 0),
('36712aa4-77f0-4510-8425-cf53dad54840', '9acfdf82-5ffd-474d-8303-b22a2a9ce0f8', 0),
('36712aa4-77f0-4510-8425-cf53dad54840', '586efb75-57ab-43ca-9b85-3bdeeae3ae19', 0),
('36712aa4-77f0-4510-8425-cf53dad54840', 'e4be062f-b594-4580-b514-d9d6cdaf2933', 0),
('36712aa4-77f0-4510-8425-cf53dad54840', '0500418e-bfad-4cd1-860d-994cbdc9e2df', 0),
('36712aa4-77f0-4510-8425-cf53dad54840', 'bc81df0c-573b-4269-ac2c-2b2667967dbb', 0),
('36712aa4-77f0-4510-8425-cf53dad54840', '866d5272-594d-423d-b702-cfccbe7a8e44', 0),
('36712aa4-77f0-4510-8425-cf53dad54840', '5231566f-373d-46a2-af0f-62e1a9ea643b', 0),
('36712aa4-77f0-4510-8425-cf53dad54840', '70eb9a4b-be40-4b01-8534-796bb5f02d90', 0),
('36712aa4-77f0-4510-8425-cf53dad54840', 'bb5f149f-8e45-455c-91d1-97639e96f671', 0),
('36712aa4-77f0-4510-8425-cf53dad54840', '4a88b128-2471-4f25-b51a-136363ddbe7d', 0),
('36712aa4-77f0-4510-8425-cf53dad54840', '84b69406-d92e-4feb-a313-f1f373f1958c', 0),
('36712aa4-77f0-4510-8425-cf53dad54840', 'ded148fc-19d8-478a-9060-0b4543727d37', 0),
('36712aa4-77f0-4510-8425-cf53dad54840', '92388b4d-6ff6-4500-9b02-24d4227f3a28', 0),
('36712aa4-77f0-4510-8425-cf53dad54840', 'e1817fb5-5fb6-44aa-abbf-eda52cc578d7', 0),
('36712aa4-77f0-4510-8425-cf53dad54840', '9a5f706f-ae38-418d-b911-77559d20e076', 0),
('36712aa4-77f0-4510-8425-cf53dad54840', '01db55cc-7d06-4778-b9c1-7ccdc3e3cd13', 0),
('36712aa4-77f0-4510-8425-cf53dad54840', 'f80a900f-e0a5-4cc3-8adf-27c6309b81ca', 0),
('36712aa4-77f0-4510-8425-cf53dad54840', 'd6a31188-c1b8-4976-b372-aced401f2347', 0),
('36712aa4-77f0-4510-8425-cf53dad54840', '8f0191bc-a242-4cb0-a9ba-38f48e823e54', 0),
('36712aa4-77f0-4510-8425-cf53dad54840', 'c80e5abb-3759-49eb-8cbe-c2b7ff742072', 0),
('36712aa4-77f0-4510-8425-cf53dad54840', 'f1647832-8eb1-460d-a5ae-c9fac5e2cd5d', 0),
('36712aa4-77f0-4510-8425-cf53dad54840', 'e3d3e750-7179-4189-9c19-fd546c4493c5', 0),
('36712aa4-77f0-4510-8425-cf53dad54840', '2a14abb5-4eea-46e2-bb70-2cf907acbf09', 0),
('36712aa4-77f0-4510-8425-cf53dad54840', '8f764924-0f7a-49e0-a39d-d29f9c3b1161', 0),
('36712aa4-77f0-4510-8425-cf53dad54840', '2dec0615-0284-4260-a0f8-44baa2954bc4', 0),
('36712aa4-77f0-4510-8425-cf53dad54840', '55bce552-42e3-4ae9-96d2-6df192f2ac50', 0),
('36712aa4-77f0-4510-8425-cf53dad54840', '7aaaf887-d5e5-47b6-b14b-6dfb7e423ea8', 0),
('36712aa4-77f0-4510-8425-cf53dad54840', 'f7a5b648-8efe-41a8-8407-a9a76d8eb6fc', 0),
('36712aa4-77f0-4510-8425-cf53dad54840', '25d27dd1-8add-421e-93e0-ba7d964ff990', 0),
('36712aa4-77f0-4510-8425-cf53dad54840', '93218e81-668d-4697-ab5b-e9e04cc9732d', 0),
('36712aa4-77f0-4510-8425-cf53dad54840', '3e5f72f3-c2f9-4771-99c8-5a5ced274ed7', 0),
('36712aa4-77f0-4510-8425-cf53dad54840', 'c00dd550-41aa-41e3-890e-abf3c937e62f', 0),
('36712aa4-77f0-4510-8425-cf53dad54840', 'bd5e6040-ba62-4a5d-aeda-ba81f6f46eea', 0),
('36712aa4-77f0-4510-8425-cf53dad54840', '448f0c35-54b1-4bd3-9a37-24b350b50d0f', 0),
('36712aa4-77f0-4510-8425-cf53dad54840', '835cb2dd-fb45-4605-9445-a2d14d2fba7b', 0),
('36712aa4-77f0-4510-8425-cf53dad54840', 'd38a98c4-5cc7-45a2-93c0-4d03ff9cb496', 0),
('36712aa4-77f0-4510-8425-cf53dad54840', '34531668-8c68-4ebd-a6a7-36645e9bac97', 0),
('36712aa4-77f0-4510-8425-cf53dad54840', 'f2c126f4-0b32-46b1-a293-e4d53fd70d0f', 0),
('36712aa4-77f0-4510-8425-cf53dad54840', '095f7293-c7b5-4c29-9112-4aa24a8c063a', 0),
('36712aa4-77f0-4510-8425-cf53dad54840', '1a4c8801-de6e-4787-b940-69ec4b9e8ad1', 0),
('36712aa4-77f0-4510-8425-cf53dad54840', 'a1f09d89-9f92-4531-ae83-7d595da08138', 0),
('36712aa4-77f0-4510-8425-cf53dad54840', '923182ab-0058-40ea-a878-f6ba3dad4f74', 0),
('36712aa4-77f0-4510-8425-cf53dad54840', '3c15b1af-8b00-4356-ae83-873a553d99c6', 0),
('36712aa4-77f0-4510-8425-cf53dad54840', '3dab7f91-33f3-4271-a2ff-d9b5eb232068', 0),
('36712aa4-77f0-4510-8425-cf53dad54840', '74316db6-7ad9-4570-b837-136944e986ad', 0),
('36712aa4-77f0-4510-8425-cf53dad54840', '4cf28277-1496-4420-ac8a-9c24e1e41181', 0),
('36712aa4-77f0-4510-8425-cf53dad54840', '9a9e7afb-d32b-4975-a7ed-d0174761e6e7', 0),
('36712aa4-77f0-4510-8425-cf53dad54840', 'ad372f33-1ace-46da-b3ef-f9156398a019', 0),
('36712aa4-77f0-4510-8425-cf53dad54840', 'bc795075-07ac-4458-a8a2-56b7d8ab0437', 0),
('36712aa4-77f0-4510-8425-cf53dad54840', '72c4be16-5b12-432b-8cec-4fa162788527', 0),
('36712aa4-77f0-4510-8425-cf53dad54840', 'f111ef40-05d2-4e04-9856-d63fade4a12d', 0),
('36712aa4-77f0-4510-8425-cf53dad54840', 'f027a18c-3164-42a2-b49b-f299a1477798', 0),
('36712aa4-77f0-4510-8425-cf53dad54840', 'a19c9d5d-5999-4972-aca8-1990d6c854ea', 0),
('36712aa4-77f0-4510-8425-cf53dad54840', '46d680bc-036d-4e72-bb12-1d8ed212c83a', 0),
('36712aa4-77f0-4510-8425-cf53dad54840', '8f162292-9e44-4003-97b8-86fe410c486a', 0),
('36712aa4-77f0-4510-8425-cf53dad54840', 'b2c5d58f-9983-48c5-8a1e-96dafdb3307c', 0),
('36712aa4-77f0-4510-8425-cf53dad54840', 'd7cc064f-70a0-43ad-bd86-8d200580d6b8', 0),
('36712aa4-77f0-4510-8425-cf53dad54840', 'daf6789f-eb96-423c-9958-82ba17c4517a', 0),
('36712aa4-77f0-4510-8425-cf53dad54840', '5248af81-7450-48a8-bce9-d179a79101b3', 0),
('36712aa4-77f0-4510-8425-cf53dad54840', 'a8bdf565-b0d2-46dd-aa34-fedd762ff61c', 0),
('36712aa4-77f0-4510-8425-cf53dad54840', 'be8f4a76-9966-4b2f-95ef-067dd7879655', 0),
('36712aa4-77f0-4510-8425-cf53dad54840', '5904e413-0619-4099-afbc-71e133a68511', 0),
('36712aa4-77f0-4510-8425-cf53dad54840', 'a5780fe8-4708-4574-a3de-416064b970d1', 0),
('36712aa4-77f0-4510-8425-cf53dad54840', '212c0538-0cb2-4126-bcc9-baaa8265afb2', 0),
('36712aa4-77f0-4510-8425-cf53dad54840', '748d7f2c-0e5d-45cd-8f5d-77da302bbc0c', 0),
('36712aa4-77f0-4510-8425-cf53dad54840', '3a2b8ce7-e279-42dd-8905-a42d35bf6fa0', 0),
('36712aa4-77f0-4510-8425-cf53dad54840', 'af20c27b-e20c-459a-bbde-7603fc8715fc', 0),
('36712aa4-77f0-4510-8425-cf53dad54840', 'a23d5a35-4168-40d2-a8eb-cd15f71f120c', 0),
('36712aa4-77f0-4510-8425-cf53dad54840', '8b39efa4-ce8d-4617-84e7-45bf095c290a', 0),

('cb83d524-2016-4ce3-965b-223af9e7ba99', '64f534f8-f2d4-4402-95a3-54de48b678a8', 0),
('cb83d524-2016-4ce3-965b-223af9e7ba99', '278cfa5a-6f44-420e-9930-07da6c43a6ad', 0),
('cb83d524-2016-4ce3-965b-223af9e7ba99', '7ef7351b-912e-4a64-ba6d-cfdfcb7d56af', 0),
('cb83d524-2016-4ce3-965b-223af9e7ba99', '03b3fb9f-38af-4074-8ab5-b9644ab44397', 0),
('cb83d524-2016-4ce3-965b-223af9e7ba99', '3aff8c17-3c98-44ed-a849-1976d2c4a91a', 0),
('cb83d524-2016-4ce3-965b-223af9e7ba99', 'e7b0024e-cc97-46a8-bd3a-450607eebe3c', 0),
('cb83d524-2016-4ce3-965b-223af9e7ba99', '8a5f664a-c72d-46b2-b12b-b38e4a5ec67f', 0),
('cb83d524-2016-4ce3-965b-223af9e7ba99', '83b64a87-6bc5-4b61-9121-505f37b81682', 0),
('cb83d524-2016-4ce3-965b-223af9e7ba99', '23abfe5e-e938-4bf5-93d4-202e2fa3aa3e', 0),
('cb83d524-2016-4ce3-965b-223af9e7ba99', '48f88f8f-c393-4bda-9812-a748486f404e', 0),
('cb83d524-2016-4ce3-965b-223af9e7ba99', 'eb6c8e4c-502e-45b4-9a69-387e33cdadb1', 0),
('cb83d524-2016-4ce3-965b-223af9e7ba99', '68b0682b-9ac7-42a2-873a-8e9874e12953', 0),
('cb83d524-2016-4ce3-965b-223af9e7ba99', '1e43835a-4902-4d12-abaf-0bc8f2dae2aa', 0),
('cb83d524-2016-4ce3-965b-223af9e7ba99', '19dc1564-8c00-4377-95db-16535a80610a', 0),
('cb83d524-2016-4ce3-965b-223af9e7ba99', 'b26a4472-db66-4bec-926d-bb53f31083c2', 0),
('cb83d524-2016-4ce3-965b-223af9e7ba99', 'e91a010d-0fa4-4801-bee5-1974e87ab3d2', 0),
('cb83d524-2016-4ce3-965b-223af9e7ba99', '469b6456-1157-43da-a275-88c983fcee9d', 0),
('cb83d524-2016-4ce3-965b-223af9e7ba99', 'c23a762d-0f9f-43b9-8a6a-7a34421ee042', 0),
('cb83d524-2016-4ce3-965b-223af9e7ba99', '80b291d4-5306-4879-8aa1-fec2ea4b6516', 0),
('cb83d524-2016-4ce3-965b-223af9e7ba99', '81acd1bf-e6f3-44c4-ad24-c47dc22adc60', 0),
('cb83d524-2016-4ce3-965b-223af9e7ba99', '0e13b758-e1dc-4f5a-a481-de9ab43934f1', 0),
('cb83d524-2016-4ce3-965b-223af9e7ba99', '9acfdf82-5ffd-474d-8303-b22a2a9ce0f8', 0),
('cb83d524-2016-4ce3-965b-223af9e7ba99', '586efb75-57ab-43ca-9b85-3bdeeae3ae19', 0),
('cb83d524-2016-4ce3-965b-223af9e7ba99', 'e4be062f-b594-4580-b514-d9d6cdaf2933', 0),
('cb83d524-2016-4ce3-965b-223af9e7ba99', '0500418e-bfad-4cd1-860d-994cbdc9e2df', 0),
('cb83d524-2016-4ce3-965b-223af9e7ba99', 'bc81df0c-573b-4269-ac2c-2b2667967dbb', 0),
('cb83d524-2016-4ce3-965b-223af9e7ba99', '866d5272-594d-423d-b702-cfccbe7a8e44', 0),
('cb83d524-2016-4ce3-965b-223af9e7ba99', '5231566f-373d-46a2-af0f-62e1a9ea643b', 0),
('cb83d524-2016-4ce3-965b-223af9e7ba99', '70eb9a4b-be40-4b01-8534-796bb5f02d90', 0),
('cb83d524-2016-4ce3-965b-223af9e7ba99', 'bb5f149f-8e45-455c-91d1-97639e96f671', 0),
('cb83d524-2016-4ce3-965b-223af9e7ba99', '4a88b128-2471-4f25-b51a-136363ddbe7d', 0),
('cb83d524-2016-4ce3-965b-223af9e7ba99', '84b69406-d92e-4feb-a313-f1f373f1958c', 0),
('cb83d524-2016-4ce3-965b-223af9e7ba99', 'ded148fc-19d8-478a-9060-0b4543727d37', 0),
('cb83d524-2016-4ce3-965b-223af9e7ba99', '92388b4d-6ff6-4500-9b02-24d4227f3a28', 0),
('cb83d524-2016-4ce3-965b-223af9e7ba99', 'e1817fb5-5fb6-44aa-abbf-eda52cc578d7', 0),
('cb83d524-2016-4ce3-965b-223af9e7ba99', '9a5f706f-ae38-418d-b911-77559d20e076', 0),
('cb83d524-2016-4ce3-965b-223af9e7ba99', '01db55cc-7d06-4778-b9c1-7ccdc3e3cd13', 0),
('cb83d524-2016-4ce3-965b-223af9e7ba99', 'f80a900f-e0a5-4cc3-8adf-27c6309b81ca', 0),
('cb83d524-2016-4ce3-965b-223af9e7ba99', 'd6a31188-c1b8-4976-b372-aced401f2347', 0),
('cb83d524-2016-4ce3-965b-223af9e7ba99', '8f0191bc-a242-4cb0-a9ba-38f48e823e54', 0),
('cb83d524-2016-4ce3-965b-223af9e7ba99', 'c80e5abb-3759-49eb-8cbe-c2b7ff742072', 0),
('cb83d524-2016-4ce3-965b-223af9e7ba99', 'f1647832-8eb1-460d-a5ae-c9fac5e2cd5d', 0),
('cb83d524-2016-4ce3-965b-223af9e7ba99', 'e3d3e750-7179-4189-9c19-fd546c4493c5', 0),
('cb83d524-2016-4ce3-965b-223af9e7ba99', '2a14abb5-4eea-46e2-bb70-2cf907acbf09', 0),
('cb83d524-2016-4ce3-965b-223af9e7ba99', '8f764924-0f7a-49e0-a39d-d29f9c3b1161', 0),
('cb83d524-2016-4ce3-965b-223af9e7ba99', '2dec0615-0284-4260-a0f8-44baa2954bc4', 0),
('cb83d524-2016-4ce3-965b-223af9e7ba99', '55bce552-42e3-4ae9-96d2-6df192f2ac50', 0),
('cb83d524-2016-4ce3-965b-223af9e7ba99', '7aaaf887-d5e5-47b6-b14b-6dfb7e423ea8', 0),
('cb83d524-2016-4ce3-965b-223af9e7ba99', 'f7a5b648-8efe-41a8-8407-a9a76d8eb6fc', 0),
('cb83d524-2016-4ce3-965b-223af9e7ba99', '25d27dd1-8add-421e-93e0-ba7d964ff990', 0),
('cb83d524-2016-4ce3-965b-223af9e7ba99', '93218e81-668d-4697-ab5b-e9e04cc9732d', 0),
('cb83d524-2016-4ce3-965b-223af9e7ba99', '3e5f72f3-c2f9-4771-99c8-5a5ced274ed7', 0),
('cb83d524-2016-4ce3-965b-223af9e7ba99', 'c00dd550-41aa-41e3-890e-abf3c937e62f', 0),
('cb83d524-2016-4ce3-965b-223af9e7ba99', 'bd5e6040-ba62-4a5d-aeda-ba81f6f46eea', 0),
('cb83d524-2016-4ce3-965b-223af9e7ba99', '448f0c35-54b1-4bd3-9a37-24b350b50d0f', 0),
('cb83d524-2016-4ce3-965b-223af9e7ba99', '835cb2dd-fb45-4605-9445-a2d14d2fba7b', 0),
('cb83d524-2016-4ce3-965b-223af9e7ba99', 'd38a98c4-5cc7-45a2-93c0-4d03ff9cb496', 0),
('cb83d524-2016-4ce3-965b-223af9e7ba99', '34531668-8c68-4ebd-a6a7-36645e9bac97', 0),
('cb83d524-2016-4ce3-965b-223af9e7ba99', 'f2c126f4-0b32-46b1-a293-e4d53fd70d0f', 0),
('cb83d524-2016-4ce3-965b-223af9e7ba99', '095f7293-c7b5-4c29-9112-4aa24a8c063a', 0),
('cb83d524-2016-4ce3-965b-223af9e7ba99', '1a4c8801-de6e-4787-b940-69ec4b9e8ad1', 0),
('cb83d524-2016-4ce3-965b-223af9e7ba99', 'a1f09d89-9f92-4531-ae83-7d595da08138', 0),
('cb83d524-2016-4ce3-965b-223af9e7ba99', '923182ab-0058-40ea-a878-f6ba3dad4f74', 0),
('cb83d524-2016-4ce3-965b-223af9e7ba99', '3c15b1af-8b00-4356-ae83-873a553d99c6', 0),
('cb83d524-2016-4ce3-965b-223af9e7ba99', '3dab7f91-33f3-4271-a2ff-d9b5eb232068', 0),
('cb83d524-2016-4ce3-965b-223af9e7ba99', '74316db6-7ad9-4570-b837-136944e986ad', 0),
('cb83d524-2016-4ce3-965b-223af9e7ba99', '4cf28277-1496-4420-ac8a-9c24e1e41181', 0),
('cb83d524-2016-4ce3-965b-223af9e7ba99', '9a9e7afb-d32b-4975-a7ed-d0174761e6e7', 0),
('cb83d524-2016-4ce3-965b-223af9e7ba99', 'ad372f33-1ace-46da-b3ef-f9156398a019', 0),
('cb83d524-2016-4ce3-965b-223af9e7ba99', 'bc795075-07ac-4458-a8a2-56b7d8ab0437', 0),
('cb83d524-2016-4ce3-965b-223af9e7ba99', '72c4be16-5b12-432b-8cec-4fa162788527', 0),
('cb83d524-2016-4ce3-965b-223af9e7ba99', 'f111ef40-05d2-4e04-9856-d63fade4a12d', 0),
('cb83d524-2016-4ce3-965b-223af9e7ba99', 'f027a18c-3164-42a2-b49b-f299a1477798', 0),
('cb83d524-2016-4ce3-965b-223af9e7ba99', 'a19c9d5d-5999-4972-aca8-1990d6c854ea', 0),
('cb83d524-2016-4ce3-965b-223af9e7ba99', '46d680bc-036d-4e72-bb12-1d8ed212c83a', 0),
('cb83d524-2016-4ce3-965b-223af9e7ba99', '8f162292-9e44-4003-97b8-86fe410c486a', 0),
('cb83d524-2016-4ce3-965b-223af9e7ba99', 'b2c5d58f-9983-48c5-8a1e-96dafdb3307c', 0),
('cb83d524-2016-4ce3-965b-223af9e7ba99', 'd7cc064f-70a0-43ad-bd86-8d200580d6b8', 0),
('cb83d524-2016-4ce3-965b-223af9e7ba99', 'daf6789f-eb96-423c-9958-82ba17c4517a', 0),
('cb83d524-2016-4ce3-965b-223af9e7ba99', '5248af81-7450-48a8-bce9-d179a79101b3', 0),
('cb83d524-2016-4ce3-965b-223af9e7ba99', 'a8bdf565-b0d2-46dd-aa34-fedd762ff61c', 0),
('cb83d524-2016-4ce3-965b-223af9e7ba99', 'be8f4a76-9966-4b2f-95ef-067dd7879655', 0),
('cb83d524-2016-4ce3-965b-223af9e7ba99', '5904e413-0619-4099-afbc-71e133a68511', 0),
('cb83d524-2016-4ce3-965b-223af9e7ba99', 'a5780fe8-4708-4574-a3de-416064b970d1', 0),
('cb83d524-2016-4ce3-965b-223af9e7ba99', '212c0538-0cb2-4126-bcc9-baaa8265afb2', 0),
('cb83d524-2016-4ce3-965b-223af9e7ba99', '748d7f2c-0e5d-45cd-8f5d-77da302bbc0c', 0),
('cb83d524-2016-4ce3-965b-223af9e7ba99', '3a2b8ce7-e279-42dd-8905-a42d35bf6fa0', 0),
('cb83d524-2016-4ce3-965b-223af9e7ba99', 'af20c27b-e20c-459a-bbde-7603fc8715fc', 0),
('cb83d524-2016-4ce3-965b-223af9e7ba99', 'a23d5a35-4168-40d2-a8eb-cd15f71f120c', 0),
('cb83d524-2016-4ce3-965b-223af9e7ba99', '8b39efa4-ce8d-4617-84e7-45bf095c290a', 0),

('9c6a5f06-b1f0-4507-b2f8-955156a8bed6', '64f534f8-f2d4-4402-95a3-54de48b678a8', 0),
('9c6a5f06-b1f0-4507-b2f8-955156a8bed6', '278cfa5a-6f44-420e-9930-07da6c43a6ad', 0),
('9c6a5f06-b1f0-4507-b2f8-955156a8bed6', '7ef7351b-912e-4a64-ba6d-cfdfcb7d56af', 0),
('9c6a5f06-b1f0-4507-b2f8-955156a8bed6', '03b3fb9f-38af-4074-8ab5-b9644ab44397', 0),
('9c6a5f06-b1f0-4507-b2f8-955156a8bed6', '3aff8c17-3c98-44ed-a849-1976d2c4a91a', 0),
('9c6a5f06-b1f0-4507-b2f8-955156a8bed6', 'e7b0024e-cc97-46a8-bd3a-450607eebe3c', 0),
('9c6a5f06-b1f0-4507-b2f8-955156a8bed6', '8a5f664a-c72d-46b2-b12b-b38e4a5ec67f', 0),
('9c6a5f06-b1f0-4507-b2f8-955156a8bed6', '83b64a87-6bc5-4b61-9121-505f37b81682', 0),
('9c6a5f06-b1f0-4507-b2f8-955156a8bed6', '23abfe5e-e938-4bf5-93d4-202e2fa3aa3e', 0),
('9c6a5f06-b1f0-4507-b2f8-955156a8bed6', '48f88f8f-c393-4bda-9812-a748486f404e', 0),
('9c6a5f06-b1f0-4507-b2f8-955156a8bed6', 'eb6c8e4c-502e-45b4-9a69-387e33cdadb1', 0),
('9c6a5f06-b1f0-4507-b2f8-955156a8bed6', '68b0682b-9ac7-42a2-873a-8e9874e12953', 0),
('9c6a5f06-b1f0-4507-b2f8-955156a8bed6', '1e43835a-4902-4d12-abaf-0bc8f2dae2aa', 0),
('9c6a5f06-b1f0-4507-b2f8-955156a8bed6', '19dc1564-8c00-4377-95db-16535a80610a', 0),
('9c6a5f06-b1f0-4507-b2f8-955156a8bed6', 'b26a4472-db66-4bec-926d-bb53f31083c2', 0),
('9c6a5f06-b1f0-4507-b2f8-955156a8bed6', 'e91a010d-0fa4-4801-bee5-1974e87ab3d2', 0),
('9c6a5f06-b1f0-4507-b2f8-955156a8bed6', '469b6456-1157-43da-a275-88c983fcee9d', 0),
('9c6a5f06-b1f0-4507-b2f8-955156a8bed6', 'c23a762d-0f9f-43b9-8a6a-7a34421ee042', 0),
('9c6a5f06-b1f0-4507-b2f8-955156a8bed6', '80b291d4-5306-4879-8aa1-fec2ea4b6516', 0),
('9c6a5f06-b1f0-4507-b2f8-955156a8bed6', '81acd1bf-e6f3-44c4-ad24-c47dc22adc60', 0),
('9c6a5f06-b1f0-4507-b2f8-955156a8bed6', '0e13b758-e1dc-4f5a-a481-de9ab43934f1', 0),
('9c6a5f06-b1f0-4507-b2f8-955156a8bed6', '9acfdf82-5ffd-474d-8303-b22a2a9ce0f8', 0),
('9c6a5f06-b1f0-4507-b2f8-955156a8bed6', '586efb75-57ab-43ca-9b85-3bdeeae3ae19', 0),
('9c6a5f06-b1f0-4507-b2f8-955156a8bed6', 'e4be062f-b594-4580-b514-d9d6cdaf2933', 0),
('9c6a5f06-b1f0-4507-b2f8-955156a8bed6', '0500418e-bfad-4cd1-860d-994cbdc9e2df', 0),
('9c6a5f06-b1f0-4507-b2f8-955156a8bed6', 'bc81df0c-573b-4269-ac2c-2b2667967dbb', 0),
('9c6a5f06-b1f0-4507-b2f8-955156a8bed6', '866d5272-594d-423d-b702-cfccbe7a8e44', 0),
('9c6a5f06-b1f0-4507-b2f8-955156a8bed6', '5231566f-373d-46a2-af0f-62e1a9ea643b', 0),
('9c6a5f06-b1f0-4507-b2f8-955156a8bed6', '70eb9a4b-be40-4b01-8534-796bb5f02d90', 0),
('9c6a5f06-b1f0-4507-b2f8-955156a8bed6', 'bb5f149f-8e45-455c-91d1-97639e96f671', 0),
('9c6a5f06-b1f0-4507-b2f8-955156a8bed6', '4a88b128-2471-4f25-b51a-136363ddbe7d', 0),
('9c6a5f06-b1f0-4507-b2f8-955156a8bed6', '84b69406-d92e-4feb-a313-f1f373f1958c', 0),
('9c6a5f06-b1f0-4507-b2f8-955156a8bed6', 'ded148fc-19d8-478a-9060-0b4543727d37', 0),
('9c6a5f06-b1f0-4507-b2f8-955156a8bed6', '92388b4d-6ff6-4500-9b02-24d4227f3a28', 0),
('9c6a5f06-b1f0-4507-b2f8-955156a8bed6', 'e1817fb5-5fb6-44aa-abbf-eda52cc578d7', 0),
('9c6a5f06-b1f0-4507-b2f8-955156a8bed6', '9a5f706f-ae38-418d-b911-77559d20e076', 0),
('9c6a5f06-b1f0-4507-b2f8-955156a8bed6', '01db55cc-7d06-4778-b9c1-7ccdc3e3cd13', 0),
('9c6a5f06-b1f0-4507-b2f8-955156a8bed6', 'f80a900f-e0a5-4cc3-8adf-27c6309b81ca', 0),
('9c6a5f06-b1f0-4507-b2f8-955156a8bed6', 'd6a31188-c1b8-4976-b372-aced401f2347', 0),
('9c6a5f06-b1f0-4507-b2f8-955156a8bed6', '8f0191bc-a242-4cb0-a9ba-38f48e823e54', 0),
('9c6a5f06-b1f0-4507-b2f8-955156a8bed6', 'c80e5abb-3759-49eb-8cbe-c2b7ff742072', 0),
('9c6a5f06-b1f0-4507-b2f8-955156a8bed6', 'f1647832-8eb1-460d-a5ae-c9fac5e2cd5d', 0),
('9c6a5f06-b1f0-4507-b2f8-955156a8bed6', 'e3d3e750-7179-4189-9c19-fd546c4493c5', 0),
('9c6a5f06-b1f0-4507-b2f8-955156a8bed6', '2a14abb5-4eea-46e2-bb70-2cf907acbf09', 0),
('9c6a5f06-b1f0-4507-b2f8-955156a8bed6', '8f764924-0f7a-49e0-a39d-d29f9c3b1161', 0),
('9c6a5f06-b1f0-4507-b2f8-955156a8bed6', '2dec0615-0284-4260-a0f8-44baa2954bc4', 0),
('9c6a5f06-b1f0-4507-b2f8-955156a8bed6', '55bce552-42e3-4ae9-96d2-6df192f2ac50', 0),
('9c6a5f06-b1f0-4507-b2f8-955156a8bed6', '7aaaf887-d5e5-47b6-b14b-6dfb7e423ea8', 0),
('9c6a5f06-b1f0-4507-b2f8-955156a8bed6', 'f7a5b648-8efe-41a8-8407-a9a76d8eb6fc', 0),
('9c6a5f06-b1f0-4507-b2f8-955156a8bed6', '25d27dd1-8add-421e-93e0-ba7d964ff990', 0),
('9c6a5f06-b1f0-4507-b2f8-955156a8bed6', '93218e81-668d-4697-ab5b-e9e04cc9732d', 0),
('9c6a5f06-b1f0-4507-b2f8-955156a8bed6', '3e5f72f3-c2f9-4771-99c8-5a5ced274ed7', 0),
('9c6a5f06-b1f0-4507-b2f8-955156a8bed6', 'c00dd550-41aa-41e3-890e-abf3c937e62f', 0),
('9c6a5f06-b1f0-4507-b2f8-955156a8bed6', 'bd5e6040-ba62-4a5d-aeda-ba81f6f46eea', 0),
('9c6a5f06-b1f0-4507-b2f8-955156a8bed6', '448f0c35-54b1-4bd3-9a37-24b350b50d0f', 0),
('9c6a5f06-b1f0-4507-b2f8-955156a8bed6', '835cb2dd-fb45-4605-9445-a2d14d2fba7b', 0),
('9c6a5f06-b1f0-4507-b2f8-955156a8bed6', 'd38a98c4-5cc7-45a2-93c0-4d03ff9cb496', 0),
('9c6a5f06-b1f0-4507-b2f8-955156a8bed6', '34531668-8c68-4ebd-a6a7-36645e9bac97', 0),
('9c6a5f06-b1f0-4507-b2f8-955156a8bed6', 'f2c126f4-0b32-46b1-a293-e4d53fd70d0f', 0),
('9c6a5f06-b1f0-4507-b2f8-955156a8bed6', '095f7293-c7b5-4c29-9112-4aa24a8c063a', 0),
('9c6a5f06-b1f0-4507-b2f8-955156a8bed6', '1a4c8801-de6e-4787-b940-69ec4b9e8ad1', 0),
('9c6a5f06-b1f0-4507-b2f8-955156a8bed6', 'a1f09d89-9f92-4531-ae83-7d595da08138', 0),
('9c6a5f06-b1f0-4507-b2f8-955156a8bed6', '923182ab-0058-40ea-a878-f6ba3dad4f74', 0),
('9c6a5f06-b1f0-4507-b2f8-955156a8bed6', '3c15b1af-8b00-4356-ae83-873a553d99c6', 0),
('9c6a5f06-b1f0-4507-b2f8-955156a8bed6', '3dab7f91-33f3-4271-a2ff-d9b5eb232068', 0),
('9c6a5f06-b1f0-4507-b2f8-955156a8bed6', '74316db6-7ad9-4570-b837-136944e986ad', 0),
('9c6a5f06-b1f0-4507-b2f8-955156a8bed6', '4cf28277-1496-4420-ac8a-9c24e1e41181', 0),
('9c6a5f06-b1f0-4507-b2f8-955156a8bed6', '9a9e7afb-d32b-4975-a7ed-d0174761e6e7', 0),
('9c6a5f06-b1f0-4507-b2f8-955156a8bed6', 'ad372f33-1ace-46da-b3ef-f9156398a019', 0),
('9c6a5f06-b1f0-4507-b2f8-955156a8bed6', 'bc795075-07ac-4458-a8a2-56b7d8ab0437', 0),
('9c6a5f06-b1f0-4507-b2f8-955156a8bed6', '72c4be16-5b12-432b-8cec-4fa162788527', 0),
('9c6a5f06-b1f0-4507-b2f8-955156a8bed6', 'f111ef40-05d2-4e04-9856-d63fade4a12d', 0),
('9c6a5f06-b1f0-4507-b2f8-955156a8bed6', 'f027a18c-3164-42a2-b49b-f299a1477798', 0),
('9c6a5f06-b1f0-4507-b2f8-955156a8bed6', 'a19c9d5d-5999-4972-aca8-1990d6c854ea', 0),
('9c6a5f06-b1f0-4507-b2f8-955156a8bed6', '46d680bc-036d-4e72-bb12-1d8ed212c83a', 0),
('9c6a5f06-b1f0-4507-b2f8-955156a8bed6', '8f162292-9e44-4003-97b8-86fe410c486a', 0),
('9c6a5f06-b1f0-4507-b2f8-955156a8bed6', 'b2c5d58f-9983-48c5-8a1e-96dafdb3307c', 0),
('9c6a5f06-b1f0-4507-b2f8-955156a8bed6', 'd7cc064f-70a0-43ad-bd86-8d200580d6b8', 0),
('9c6a5f06-b1f0-4507-b2f8-955156a8bed6', 'daf6789f-eb96-423c-9958-82ba17c4517a', 0),
('9c6a5f06-b1f0-4507-b2f8-955156a8bed6', '5248af81-7450-48a8-bce9-d179a79101b3', 0),
('9c6a5f06-b1f0-4507-b2f8-955156a8bed6', 'a8bdf565-b0d2-46dd-aa34-fedd762ff61c', 0),
('9c6a5f06-b1f0-4507-b2f8-955156a8bed6', 'be8f4a76-9966-4b2f-95ef-067dd7879655', 0),
('9c6a5f06-b1f0-4507-b2f8-955156a8bed6', '5904e413-0619-4099-afbc-71e133a68511', 0),
('9c6a5f06-b1f0-4507-b2f8-955156a8bed6', 'a5780fe8-4708-4574-a3de-416064b970d1', 0),
('9c6a5f06-b1f0-4507-b2f8-955156a8bed6', '212c0538-0cb2-4126-bcc9-baaa8265afb2', 0),
('9c6a5f06-b1f0-4507-b2f8-955156a8bed6', '748d7f2c-0e5d-45cd-8f5d-77da302bbc0c', 0),
('9c6a5f06-b1f0-4507-b2f8-955156a8bed6', '3a2b8ce7-e279-42dd-8905-a42d35bf6fa0', 0),
('9c6a5f06-b1f0-4507-b2f8-955156a8bed6', 'af20c27b-e20c-459a-bbde-7603fc8715fc', 0),
('9c6a5f06-b1f0-4507-b2f8-955156a8bed6', 'a23d5a35-4168-40d2-a8eb-cd15f71f120c', 0),
('9c6a5f06-b1f0-4507-b2f8-955156a8bed6', '8b39efa4-ce8d-4617-84e7-45bf095c290a', 0),

('ff3dd044-ebfb-4e1d-9050-b6dcfe684a1a', '64f534f8-f2d4-4402-95a3-54de48b678a8', 0),
('ff3dd044-ebfb-4e1d-9050-b6dcfe684a1a', '278cfa5a-6f44-420e-9930-07da6c43a6ad', 0),
('ff3dd044-ebfb-4e1d-9050-b6dcfe684a1a', '7ef7351b-912e-4a64-ba6d-cfdfcb7d56af', 0),
('ff3dd044-ebfb-4e1d-9050-b6dcfe684a1a', '03b3fb9f-38af-4074-8ab5-b9644ab44397', 0),
('ff3dd044-ebfb-4e1d-9050-b6dcfe684a1a', '3aff8c17-3c98-44ed-a849-1976d2c4a91a', 0),
('ff3dd044-ebfb-4e1d-9050-b6dcfe684a1a', 'e7b0024e-cc97-46a8-bd3a-450607eebe3c', 0),
('ff3dd044-ebfb-4e1d-9050-b6dcfe684a1a', '8a5f664a-c72d-46b2-b12b-b38e4a5ec67f', 0),
('ff3dd044-ebfb-4e1d-9050-b6dcfe684a1a', '83b64a87-6bc5-4b61-9121-505f37b81682', 0),
('ff3dd044-ebfb-4e1d-9050-b6dcfe684a1a', '23abfe5e-e938-4bf5-93d4-202e2fa3aa3e', 0),
('ff3dd044-ebfb-4e1d-9050-b6dcfe684a1a', '48f88f8f-c393-4bda-9812-a748486f404e', 0),
('ff3dd044-ebfb-4e1d-9050-b6dcfe684a1a', 'eb6c8e4c-502e-45b4-9a69-387e33cdadb1', 0),
('ff3dd044-ebfb-4e1d-9050-b6dcfe684a1a', '68b0682b-9ac7-42a2-873a-8e9874e12953', 0),
('ff3dd044-ebfb-4e1d-9050-b6dcfe684a1a', '1e43835a-4902-4d12-abaf-0bc8f2dae2aa', 0),
('ff3dd044-ebfb-4e1d-9050-b6dcfe684a1a', '19dc1564-8c00-4377-95db-16535a80610a', 0),
('ff3dd044-ebfb-4e1d-9050-b6dcfe684a1a', 'b26a4472-db66-4bec-926d-bb53f31083c2', 0),
('ff3dd044-ebfb-4e1d-9050-b6dcfe684a1a', 'e91a010d-0fa4-4801-bee5-1974e87ab3d2', 0),
('ff3dd044-ebfb-4e1d-9050-b6dcfe684a1a', '469b6456-1157-43da-a275-88c983fcee9d', 0),
('ff3dd044-ebfb-4e1d-9050-b6dcfe684a1a', 'c23a762d-0f9f-43b9-8a6a-7a34421ee042', 0),
('ff3dd044-ebfb-4e1d-9050-b6dcfe684a1a', '80b291d4-5306-4879-8aa1-fec2ea4b6516', 0),
('ff3dd044-ebfb-4e1d-9050-b6dcfe684a1a', '81acd1bf-e6f3-44c4-ad24-c47dc22adc60', 0),
('ff3dd044-ebfb-4e1d-9050-b6dcfe684a1a', '0e13b758-e1dc-4f5a-a481-de9ab43934f1', 0),
('ff3dd044-ebfb-4e1d-9050-b6dcfe684a1a', '9acfdf82-5ffd-474d-8303-b22a2a9ce0f8', 0),
('ff3dd044-ebfb-4e1d-9050-b6dcfe684a1a', '586efb75-57ab-43ca-9b85-3bdeeae3ae19', 0),
('ff3dd044-ebfb-4e1d-9050-b6dcfe684a1a', 'e4be062f-b594-4580-b514-d9d6cdaf2933', 0),
('ff3dd044-ebfb-4e1d-9050-b6dcfe684a1a', '0500418e-bfad-4cd1-860d-994cbdc9e2df', 0),
('ff3dd044-ebfb-4e1d-9050-b6dcfe684a1a', 'bc81df0c-573b-4269-ac2c-2b2667967dbb', 0),
('ff3dd044-ebfb-4e1d-9050-b6dcfe684a1a', '866d5272-594d-423d-b702-cfccbe7a8e44', 0),
('ff3dd044-ebfb-4e1d-9050-b6dcfe684a1a', '5231566f-373d-46a2-af0f-62e1a9ea643b', 0),
('ff3dd044-ebfb-4e1d-9050-b6dcfe684a1a', '70eb9a4b-be40-4b01-8534-796bb5f02d90', 0),
('ff3dd044-ebfb-4e1d-9050-b6dcfe684a1a', 'bb5f149f-8e45-455c-91d1-97639e96f671', 0),
('ff3dd044-ebfb-4e1d-9050-b6dcfe684a1a', '4a88b128-2471-4f25-b51a-136363ddbe7d', 0),
('ff3dd044-ebfb-4e1d-9050-b6dcfe684a1a', '84b69406-d92e-4feb-a313-f1f373f1958c', 0),
('ff3dd044-ebfb-4e1d-9050-b6dcfe684a1a', 'ded148fc-19d8-478a-9060-0b4543727d37', 0),
('ff3dd044-ebfb-4e1d-9050-b6dcfe684a1a', '92388b4d-6ff6-4500-9b02-24d4227f3a28', 0),
('ff3dd044-ebfb-4e1d-9050-b6dcfe684a1a', 'e1817fb5-5fb6-44aa-abbf-eda52cc578d7', 0),
('ff3dd044-ebfb-4e1d-9050-b6dcfe684a1a', '9a5f706f-ae38-418d-b911-77559d20e076', 0),
('ff3dd044-ebfb-4e1d-9050-b6dcfe684a1a', '01db55cc-7d06-4778-b9c1-7ccdc3e3cd13', 0),
('ff3dd044-ebfb-4e1d-9050-b6dcfe684a1a', 'f80a900f-e0a5-4cc3-8adf-27c6309b81ca', 0),
('ff3dd044-ebfb-4e1d-9050-b6dcfe684a1a', 'd6a31188-c1b8-4976-b372-aced401f2347', 0),
('ff3dd044-ebfb-4e1d-9050-b6dcfe684a1a', '8f0191bc-a242-4cb0-a9ba-38f48e823e54', 0),
('ff3dd044-ebfb-4e1d-9050-b6dcfe684a1a', 'c80e5abb-3759-49eb-8cbe-c2b7ff742072', 0),
('ff3dd044-ebfb-4e1d-9050-b6dcfe684a1a', 'f1647832-8eb1-460d-a5ae-c9fac5e2cd5d', 0),
('ff3dd044-ebfb-4e1d-9050-b6dcfe684a1a', 'e3d3e750-7179-4189-9c19-fd546c4493c5', 0),
('ff3dd044-ebfb-4e1d-9050-b6dcfe684a1a', '2a14abb5-4eea-46e2-bb70-2cf907acbf09', 0),
('ff3dd044-ebfb-4e1d-9050-b6dcfe684a1a', '8f764924-0f7a-49e0-a39d-d29f9c3b1161', 0),
('ff3dd044-ebfb-4e1d-9050-b6dcfe684a1a', '2dec0615-0284-4260-a0f8-44baa2954bc4', 0),
('ff3dd044-ebfb-4e1d-9050-b6dcfe684a1a', '55bce552-42e3-4ae9-96d2-6df192f2ac50', 0),
('ff3dd044-ebfb-4e1d-9050-b6dcfe684a1a', '7aaaf887-d5e5-47b6-b14b-6dfb7e423ea8', 0),
('ff3dd044-ebfb-4e1d-9050-b6dcfe684a1a', 'f7a5b648-8efe-41a8-8407-a9a76d8eb6fc', 0),
('ff3dd044-ebfb-4e1d-9050-b6dcfe684a1a', '25d27dd1-8add-421e-93e0-ba7d964ff990', 0),
('ff3dd044-ebfb-4e1d-9050-b6dcfe684a1a', '93218e81-668d-4697-ab5b-e9e04cc9732d', 0),
('ff3dd044-ebfb-4e1d-9050-b6dcfe684a1a', '3e5f72f3-c2f9-4771-99c8-5a5ced274ed7', 0),
('ff3dd044-ebfb-4e1d-9050-b6dcfe684a1a', 'c00dd550-41aa-41e3-890e-abf3c937e62f', 0),
('ff3dd044-ebfb-4e1d-9050-b6dcfe684a1a', 'bd5e6040-ba62-4a5d-aeda-ba81f6f46eea', 0),
('ff3dd044-ebfb-4e1d-9050-b6dcfe684a1a', '448f0c35-54b1-4bd3-9a37-24b350b50d0f', 0),
('ff3dd044-ebfb-4e1d-9050-b6dcfe684a1a', '835cb2dd-fb45-4605-9445-a2d14d2fba7b', 0),
('ff3dd044-ebfb-4e1d-9050-b6dcfe684a1a', 'd38a98c4-5cc7-45a2-93c0-4d03ff9cb496', 0),
('ff3dd044-ebfb-4e1d-9050-b6dcfe684a1a', '34531668-8c68-4ebd-a6a7-36645e9bac97', 0),
('ff3dd044-ebfb-4e1d-9050-b6dcfe684a1a', 'f2c126f4-0b32-46b1-a293-e4d53fd70d0f', 0),
('ff3dd044-ebfb-4e1d-9050-b6dcfe684a1a', '095f7293-c7b5-4c29-9112-4aa24a8c063a', 0),
('ff3dd044-ebfb-4e1d-9050-b6dcfe684a1a', '1a4c8801-de6e-4787-b940-69ec4b9e8ad1', 0),
('ff3dd044-ebfb-4e1d-9050-b6dcfe684a1a', 'a1f09d89-9f92-4531-ae83-7d595da08138', 0),
('ff3dd044-ebfb-4e1d-9050-b6dcfe684a1a', '923182ab-0058-40ea-a878-f6ba3dad4f74', 0),
('ff3dd044-ebfb-4e1d-9050-b6dcfe684a1a', '3c15b1af-8b00-4356-ae83-873a553d99c6', 0),
('ff3dd044-ebfb-4e1d-9050-b6dcfe684a1a', '3dab7f91-33f3-4271-a2ff-d9b5eb232068', 0),
('ff3dd044-ebfb-4e1d-9050-b6dcfe684a1a', '74316db6-7ad9-4570-b837-136944e986ad', 0),
('ff3dd044-ebfb-4e1d-9050-b6dcfe684a1a', '4cf28277-1496-4420-ac8a-9c24e1e41181', 0),
('ff3dd044-ebfb-4e1d-9050-b6dcfe684a1a', '9a9e7afb-d32b-4975-a7ed-d0174761e6e7', 0),
('ff3dd044-ebfb-4e1d-9050-b6dcfe684a1a', 'ad372f33-1ace-46da-b3ef-f9156398a019', 0),
('ff3dd044-ebfb-4e1d-9050-b6dcfe684a1a', 'bc795075-07ac-4458-a8a2-56b7d8ab0437', 0),
('ff3dd044-ebfb-4e1d-9050-b6dcfe684a1a', '72c4be16-5b12-432b-8cec-4fa162788527', 0),
('ff3dd044-ebfb-4e1d-9050-b6dcfe684a1a', 'f111ef40-05d2-4e04-9856-d63fade4a12d', 0),
('ff3dd044-ebfb-4e1d-9050-b6dcfe684a1a', 'f027a18c-3164-42a2-b49b-f299a1477798', 0),
('ff3dd044-ebfb-4e1d-9050-b6dcfe684a1a', 'a19c9d5d-5999-4972-aca8-1990d6c854ea', 0),
('ff3dd044-ebfb-4e1d-9050-b6dcfe684a1a', '46d680bc-036d-4e72-bb12-1d8ed212c83a', 0),
('ff3dd044-ebfb-4e1d-9050-b6dcfe684a1a', '8f162292-9e44-4003-97b8-86fe410c486a', 0),
('ff3dd044-ebfb-4e1d-9050-b6dcfe684a1a', 'b2c5d58f-9983-48c5-8a1e-96dafdb3307c', 0),
('ff3dd044-ebfb-4e1d-9050-b6dcfe684a1a', 'd7cc064f-70a0-43ad-bd86-8d200580d6b8', 0),
('ff3dd044-ebfb-4e1d-9050-b6dcfe684a1a', 'daf6789f-eb96-423c-9958-82ba17c4517a', 0),
('ff3dd044-ebfb-4e1d-9050-b6dcfe684a1a', '5248af81-7450-48a8-bce9-d179a79101b3', 0),
('ff3dd044-ebfb-4e1d-9050-b6dcfe684a1a', 'a8bdf565-b0d2-46dd-aa34-fedd762ff61c', 0),
('ff3dd044-ebfb-4e1d-9050-b6dcfe684a1a', 'be8f4a76-9966-4b2f-95ef-067dd7879655', 0),
('ff3dd044-ebfb-4e1d-9050-b6dcfe684a1a', '5904e413-0619-4099-afbc-71e133a68511', 0),
('ff3dd044-ebfb-4e1d-9050-b6dcfe684a1a', 'a5780fe8-4708-4574-a3de-416064b970d1', 0),
('ff3dd044-ebfb-4e1d-9050-b6dcfe684a1a', '212c0538-0cb2-4126-bcc9-baaa8265afb2', 0),
('ff3dd044-ebfb-4e1d-9050-b6dcfe684a1a', '748d7f2c-0e5d-45cd-8f5d-77da302bbc0c', 0),
('ff3dd044-ebfb-4e1d-9050-b6dcfe684a1a', '3a2b8ce7-e279-42dd-8905-a42d35bf6fa0', 0),
('ff3dd044-ebfb-4e1d-9050-b6dcfe684a1a', 'af20c27b-e20c-459a-bbde-7603fc8715fc', 0),
('ff3dd044-ebfb-4e1d-9050-b6dcfe684a1a', 'a23d5a35-4168-40d2-a8eb-cd15f71f120c', 0),
('ff3dd044-ebfb-4e1d-9050-b6dcfe684a1a', '8b39efa4-ce8d-4617-84e7-45bf095c290a', 0),

('f2a1edb1-332f-4c2f-af59-6b5508eafbec', '64f534f8-f2d4-4402-95a3-54de48b678a8', 0),
('f2a1edb1-332f-4c2f-af59-6b5508eafbec', '278cfa5a-6f44-420e-9930-07da6c43a6ad', 0),
('f2a1edb1-332f-4c2f-af59-6b5508eafbec', '7ef7351b-912e-4a64-ba6d-cfdfcb7d56af', 0),
('f2a1edb1-332f-4c2f-af59-6b5508eafbec', '03b3fb9f-38af-4074-8ab5-b9644ab44397', 0),
('f2a1edb1-332f-4c2f-af59-6b5508eafbec', '3aff8c17-3c98-44ed-a849-1976d2c4a91a', 0),
('f2a1edb1-332f-4c2f-af59-6b5508eafbec', 'e7b0024e-cc97-46a8-bd3a-450607eebe3c', 0),
('f2a1edb1-332f-4c2f-af59-6b5508eafbec', '8a5f664a-c72d-46b2-b12b-b38e4a5ec67f', 0),
('f2a1edb1-332f-4c2f-af59-6b5508eafbec', '83b64a87-6bc5-4b61-9121-505f37b81682', 0),
('f2a1edb1-332f-4c2f-af59-6b5508eafbec', '23abfe5e-e938-4bf5-93d4-202e2fa3aa3e', 0),
('f2a1edb1-332f-4c2f-af59-6b5508eafbec', '48f88f8f-c393-4bda-9812-a748486f404e', 0),
('f2a1edb1-332f-4c2f-af59-6b5508eafbec', 'eb6c8e4c-502e-45b4-9a69-387e33cdadb1', 0),
('f2a1edb1-332f-4c2f-af59-6b5508eafbec', '68b0682b-9ac7-42a2-873a-8e9874e12953', 0),
('f2a1edb1-332f-4c2f-af59-6b5508eafbec', '1e43835a-4902-4d12-abaf-0bc8f2dae2aa', 0),
('f2a1edb1-332f-4c2f-af59-6b5508eafbec', '19dc1564-8c00-4377-95db-16535a80610a', 0),
('f2a1edb1-332f-4c2f-af59-6b5508eafbec', 'b26a4472-db66-4bec-926d-bb53f31083c2', 0),
('f2a1edb1-332f-4c2f-af59-6b5508eafbec', 'e91a010d-0fa4-4801-bee5-1974e87ab3d2', 0),
('f2a1edb1-332f-4c2f-af59-6b5508eafbec', '469b6456-1157-43da-a275-88c983fcee9d', 0),
('f2a1edb1-332f-4c2f-af59-6b5508eafbec', 'c23a762d-0f9f-43b9-8a6a-7a34421ee042', 0),
('f2a1edb1-332f-4c2f-af59-6b5508eafbec', '80b291d4-5306-4879-8aa1-fec2ea4b6516', 0),
('f2a1edb1-332f-4c2f-af59-6b5508eafbec', '81acd1bf-e6f3-44c4-ad24-c47dc22adc60', 0),
('f2a1edb1-332f-4c2f-af59-6b5508eafbec', '0e13b758-e1dc-4f5a-a481-de9ab43934f1', 0),
('f2a1edb1-332f-4c2f-af59-6b5508eafbec', '9acfdf82-5ffd-474d-8303-b22a2a9ce0f8', 0),
('f2a1edb1-332f-4c2f-af59-6b5508eafbec', '586efb75-57ab-43ca-9b85-3bdeeae3ae19', 0),
('f2a1edb1-332f-4c2f-af59-6b5508eafbec', 'e4be062f-b594-4580-b514-d9d6cdaf2933', 0),
('f2a1edb1-332f-4c2f-af59-6b5508eafbec', '0500418e-bfad-4cd1-860d-994cbdc9e2df', 0),
('f2a1edb1-332f-4c2f-af59-6b5508eafbec', 'bc81df0c-573b-4269-ac2c-2b2667967dbb', 0),
('f2a1edb1-332f-4c2f-af59-6b5508eafbec', '866d5272-594d-423d-b702-cfccbe7a8e44', 0),
('f2a1edb1-332f-4c2f-af59-6b5508eafbec', '5231566f-373d-46a2-af0f-62e1a9ea643b', 0),
('f2a1edb1-332f-4c2f-af59-6b5508eafbec', '70eb9a4b-be40-4b01-8534-796bb5f02d90', 0),
('f2a1edb1-332f-4c2f-af59-6b5508eafbec', 'bb5f149f-8e45-455c-91d1-97639e96f671', 0),
('f2a1edb1-332f-4c2f-af59-6b5508eafbec', '4a88b128-2471-4f25-b51a-136363ddbe7d', 0),
('f2a1edb1-332f-4c2f-af59-6b5508eafbec', '84b69406-d92e-4feb-a313-f1f373f1958c', 0),
('f2a1edb1-332f-4c2f-af59-6b5508eafbec', 'ded148fc-19d8-478a-9060-0b4543727d37', 0),
('f2a1edb1-332f-4c2f-af59-6b5508eafbec', '92388b4d-6ff6-4500-9b02-24d4227f3a28', 0),
('f2a1edb1-332f-4c2f-af59-6b5508eafbec', 'e1817fb5-5fb6-44aa-abbf-eda52cc578d7', 0),
('f2a1edb1-332f-4c2f-af59-6b5508eafbec', '9a5f706f-ae38-418d-b911-77559d20e076', 0),
('f2a1edb1-332f-4c2f-af59-6b5508eafbec', '01db55cc-7d06-4778-b9c1-7ccdc3e3cd13', 0),
('f2a1edb1-332f-4c2f-af59-6b5508eafbec', 'f80a900f-e0a5-4cc3-8adf-27c6309b81ca', 0),
('f2a1edb1-332f-4c2f-af59-6b5508eafbec', 'd6a31188-c1b8-4976-b372-aced401f2347', 0),
('f2a1edb1-332f-4c2f-af59-6b5508eafbec', '8f0191bc-a242-4cb0-a9ba-38f48e823e54', 0),
('f2a1edb1-332f-4c2f-af59-6b5508eafbec', 'c80e5abb-3759-49eb-8cbe-c2b7ff742072', 0),
('f2a1edb1-332f-4c2f-af59-6b5508eafbec', 'f1647832-8eb1-460d-a5ae-c9fac5e2cd5d', 0),
('f2a1edb1-332f-4c2f-af59-6b5508eafbec', 'e3d3e750-7179-4189-9c19-fd546c4493c5', 0),
('f2a1edb1-332f-4c2f-af59-6b5508eafbec', '2a14abb5-4eea-46e2-bb70-2cf907acbf09', 0),
('f2a1edb1-332f-4c2f-af59-6b5508eafbec', '8f764924-0f7a-49e0-a39d-d29f9c3b1161', 0),
('f2a1edb1-332f-4c2f-af59-6b5508eafbec', '2dec0615-0284-4260-a0f8-44baa2954bc4', 0),
('f2a1edb1-332f-4c2f-af59-6b5508eafbec', '55bce552-42e3-4ae9-96d2-6df192f2ac50', 0),
('f2a1edb1-332f-4c2f-af59-6b5508eafbec', '7aaaf887-d5e5-47b6-b14b-6dfb7e423ea8', 0),
('f2a1edb1-332f-4c2f-af59-6b5508eafbec', 'f7a5b648-8efe-41a8-8407-a9a76d8eb6fc', 0),
('f2a1edb1-332f-4c2f-af59-6b5508eafbec', '25d27dd1-8add-421e-93e0-ba7d964ff990', 0),
('f2a1edb1-332f-4c2f-af59-6b5508eafbec', '93218e81-668d-4697-ab5b-e9e04cc9732d', 0),
('f2a1edb1-332f-4c2f-af59-6b5508eafbec', '3e5f72f3-c2f9-4771-99c8-5a5ced274ed7', 0),
('f2a1edb1-332f-4c2f-af59-6b5508eafbec', 'c00dd550-41aa-41e3-890e-abf3c937e62f', 0),
('f2a1edb1-332f-4c2f-af59-6b5508eafbec', 'bd5e6040-ba62-4a5d-aeda-ba81f6f46eea', 0),
('f2a1edb1-332f-4c2f-af59-6b5508eafbec', '448f0c35-54b1-4bd3-9a37-24b350b50d0f', 0),
('f2a1edb1-332f-4c2f-af59-6b5508eafbec', '835cb2dd-fb45-4605-9445-a2d14d2fba7b', 0),
('f2a1edb1-332f-4c2f-af59-6b5508eafbec', 'd38a98c4-5cc7-45a2-93c0-4d03ff9cb496', 0),
('f2a1edb1-332f-4c2f-af59-6b5508eafbec', '34531668-8c68-4ebd-a6a7-36645e9bac97', 0),
('f2a1edb1-332f-4c2f-af59-6b5508eafbec', 'f2c126f4-0b32-46b1-a293-e4d53fd70d0f', 0),
('f2a1edb1-332f-4c2f-af59-6b5508eafbec', '095f7293-c7b5-4c29-9112-4aa24a8c063a', 0),
('f2a1edb1-332f-4c2f-af59-6b5508eafbec', '1a4c8801-de6e-4787-b940-69ec4b9e8ad1', 0),
('f2a1edb1-332f-4c2f-af59-6b5508eafbec', 'a1f09d89-9f92-4531-ae83-7d595da08138', 0),
('f2a1edb1-332f-4c2f-af59-6b5508eafbec', '923182ab-0058-40ea-a878-f6ba3dad4f74', 0),
('f2a1edb1-332f-4c2f-af59-6b5508eafbec', '3c15b1af-8b00-4356-ae83-873a553d99c6', 0),
('f2a1edb1-332f-4c2f-af59-6b5508eafbec', '3dab7f91-33f3-4271-a2ff-d9b5eb232068', 0),
('f2a1edb1-332f-4c2f-af59-6b5508eafbec', '74316db6-7ad9-4570-b837-136944e986ad', 0),
('f2a1edb1-332f-4c2f-af59-6b5508eafbec', '4cf28277-1496-4420-ac8a-9c24e1e41181', 0),
('f2a1edb1-332f-4c2f-af59-6b5508eafbec', '9a9e7afb-d32b-4975-a7ed-d0174761e6e7', 0),
('f2a1edb1-332f-4c2f-af59-6b5508eafbec', 'ad372f33-1ace-46da-b3ef-f9156398a019', 0),
('f2a1edb1-332f-4c2f-af59-6b5508eafbec', 'bc795075-07ac-4458-a8a2-56b7d8ab0437', 0),
('f2a1edb1-332f-4c2f-af59-6b5508eafbec', '72c4be16-5b12-432b-8cec-4fa162788527', 0),
('f2a1edb1-332f-4c2f-af59-6b5508eafbec', 'f111ef40-05d2-4e04-9856-d63fade4a12d', 0),
('f2a1edb1-332f-4c2f-af59-6b5508eafbec', 'f027a18c-3164-42a2-b49b-f299a1477798', 0),
('f2a1edb1-332f-4c2f-af59-6b5508eafbec', 'a19c9d5d-5999-4972-aca8-1990d6c854ea', 0),
('f2a1edb1-332f-4c2f-af59-6b5508eafbec', '46d680bc-036d-4e72-bb12-1d8ed212c83a', 0),
('f2a1edb1-332f-4c2f-af59-6b5508eafbec', '8f162292-9e44-4003-97b8-86fe410c486a', 0),
('f2a1edb1-332f-4c2f-af59-6b5508eafbec', 'b2c5d58f-9983-48c5-8a1e-96dafdb3307c', 0),
('f2a1edb1-332f-4c2f-af59-6b5508eafbec', 'd7cc064f-70a0-43ad-bd86-8d200580d6b8', 0),
('f2a1edb1-332f-4c2f-af59-6b5508eafbec', 'daf6789f-eb96-423c-9958-82ba17c4517a', 0),
('f2a1edb1-332f-4c2f-af59-6b5508eafbec', '5248af81-7450-48a8-bce9-d179a79101b3', 0),
('f2a1edb1-332f-4c2f-af59-6b5508eafbec', 'a8bdf565-b0d2-46dd-aa34-fedd762ff61c', 0),
('f2a1edb1-332f-4c2f-af59-6b5508eafbec', 'be8f4a76-9966-4b2f-95ef-067dd7879655', 0),
('f2a1edb1-332f-4c2f-af59-6b5508eafbec', '5904e413-0619-4099-afbc-71e133a68511', 0),
('f2a1edb1-332f-4c2f-af59-6b5508eafbec', 'a5780fe8-4708-4574-a3de-416064b970d1', 0),
('f2a1edb1-332f-4c2f-af59-6b5508eafbec', '212c0538-0cb2-4126-bcc9-baaa8265afb2', 0),
('f2a1edb1-332f-4c2f-af59-6b5508eafbec', '748d7f2c-0e5d-45cd-8f5d-77da302bbc0c', 0),
('f2a1edb1-332f-4c2f-af59-6b5508eafbec', '3a2b8ce7-e279-42dd-8905-a42d35bf6fa0', 0),
('f2a1edb1-332f-4c2f-af59-6b5508eafbec', 'af20c27b-e20c-459a-bbde-7603fc8715fc', 0),
('f2a1edb1-332f-4c2f-af59-6b5508eafbec', 'a23d5a35-4168-40d2-a8eb-cd15f71f120c', 0),
('f2a1edb1-332f-4c2f-af59-6b5508eafbec', '8b39efa4-ce8d-4617-84e7-45bf095c290a', 0),

('14a3d4c4-fb21-4153-9096-d96bda62ee59', '64f534f8-f2d4-4402-95a3-54de48b678a8', 0),
('14a3d4c4-fb21-4153-9096-d96bda62ee59', '278cfa5a-6f44-420e-9930-07da6c43a6ad', 0),
('14a3d4c4-fb21-4153-9096-d96bda62ee59', '7ef7351b-912e-4a64-ba6d-cfdfcb7d56af', 0),
('14a3d4c4-fb21-4153-9096-d96bda62ee59', '03b3fb9f-38af-4074-8ab5-b9644ab44397', 0),
('14a3d4c4-fb21-4153-9096-d96bda62ee59', '3aff8c17-3c98-44ed-a849-1976d2c4a91a', 0),
('14a3d4c4-fb21-4153-9096-d96bda62ee59', 'e7b0024e-cc97-46a8-bd3a-450607eebe3c', 0),
('14a3d4c4-fb21-4153-9096-d96bda62ee59', '8a5f664a-c72d-46b2-b12b-b38e4a5ec67f', 0),
('14a3d4c4-fb21-4153-9096-d96bda62ee59', '83b64a87-6bc5-4b61-9121-505f37b81682', 0),
('14a3d4c4-fb21-4153-9096-d96bda62ee59', '23abfe5e-e938-4bf5-93d4-202e2fa3aa3e', 0),
('14a3d4c4-fb21-4153-9096-d96bda62ee59', '48f88f8f-c393-4bda-9812-a748486f404e', 0),
('14a3d4c4-fb21-4153-9096-d96bda62ee59', 'eb6c8e4c-502e-45b4-9a69-387e33cdadb1', 0),
('14a3d4c4-fb21-4153-9096-d96bda62ee59', '68b0682b-9ac7-42a2-873a-8e9874e12953', 0),
('14a3d4c4-fb21-4153-9096-d96bda62ee59', '1e43835a-4902-4d12-abaf-0bc8f2dae2aa', 0),
('14a3d4c4-fb21-4153-9096-d96bda62ee59', '19dc1564-8c00-4377-95db-16535a80610a', 0),
('14a3d4c4-fb21-4153-9096-d96bda62ee59', 'b26a4472-db66-4bec-926d-bb53f31083c2', 0),
('14a3d4c4-fb21-4153-9096-d96bda62ee59', 'e91a010d-0fa4-4801-bee5-1974e87ab3d2', 0),
('14a3d4c4-fb21-4153-9096-d96bda62ee59', '469b6456-1157-43da-a275-88c983fcee9d', 0),
('14a3d4c4-fb21-4153-9096-d96bda62ee59', 'c23a762d-0f9f-43b9-8a6a-7a34421ee042', 0),
('14a3d4c4-fb21-4153-9096-d96bda62ee59', '80b291d4-5306-4879-8aa1-fec2ea4b6516', 0),
('14a3d4c4-fb21-4153-9096-d96bda62ee59', '81acd1bf-e6f3-44c4-ad24-c47dc22adc60', 0),
('14a3d4c4-fb21-4153-9096-d96bda62ee59', '0e13b758-e1dc-4f5a-a481-de9ab43934f1', 0),
('14a3d4c4-fb21-4153-9096-d96bda62ee59', '9acfdf82-5ffd-474d-8303-b22a2a9ce0f8', 0),
('14a3d4c4-fb21-4153-9096-d96bda62ee59', '586efb75-57ab-43ca-9b85-3bdeeae3ae19', 0),
('14a3d4c4-fb21-4153-9096-d96bda62ee59', 'e4be062f-b594-4580-b514-d9d6cdaf2933', 0),
('14a3d4c4-fb21-4153-9096-d96bda62ee59', '0500418e-bfad-4cd1-860d-994cbdc9e2df', 0),
('14a3d4c4-fb21-4153-9096-d96bda62ee59', 'bc81df0c-573b-4269-ac2c-2b2667967dbb', 0),
('14a3d4c4-fb21-4153-9096-d96bda62ee59', '866d5272-594d-423d-b702-cfccbe7a8e44', 0),
('14a3d4c4-fb21-4153-9096-d96bda62ee59', '5231566f-373d-46a2-af0f-62e1a9ea643b', 0),
('14a3d4c4-fb21-4153-9096-d96bda62ee59', '70eb9a4b-be40-4b01-8534-796bb5f02d90', 0),
('14a3d4c4-fb21-4153-9096-d96bda62ee59', 'bb5f149f-8e45-455c-91d1-97639e96f671', 0),
('14a3d4c4-fb21-4153-9096-d96bda62ee59', '4a88b128-2471-4f25-b51a-136363ddbe7d', 0),
('14a3d4c4-fb21-4153-9096-d96bda62ee59', '84b69406-d92e-4feb-a313-f1f373f1958c', 0),
('14a3d4c4-fb21-4153-9096-d96bda62ee59', 'ded148fc-19d8-478a-9060-0b4543727d37', 0),
('14a3d4c4-fb21-4153-9096-d96bda62ee59', '92388b4d-6ff6-4500-9b02-24d4227f3a28', 0),
('14a3d4c4-fb21-4153-9096-d96bda62ee59', 'e1817fb5-5fb6-44aa-abbf-eda52cc578d7', 0),
('14a3d4c4-fb21-4153-9096-d96bda62ee59', '9a5f706f-ae38-418d-b911-77559d20e076', 0),
('14a3d4c4-fb21-4153-9096-d96bda62ee59', '01db55cc-7d06-4778-b9c1-7ccdc3e3cd13', 0),
('14a3d4c4-fb21-4153-9096-d96bda62ee59', 'f80a900f-e0a5-4cc3-8adf-27c6309b81ca', 0),
('14a3d4c4-fb21-4153-9096-d96bda62ee59', 'd6a31188-c1b8-4976-b372-aced401f2347', 0),
('14a3d4c4-fb21-4153-9096-d96bda62ee59', '8f0191bc-a242-4cb0-a9ba-38f48e823e54', 0),
('14a3d4c4-fb21-4153-9096-d96bda62ee59', 'c80e5abb-3759-49eb-8cbe-c2b7ff742072', 0),
('14a3d4c4-fb21-4153-9096-d96bda62ee59', 'f1647832-8eb1-460d-a5ae-c9fac5e2cd5d', 0),
('14a3d4c4-fb21-4153-9096-d96bda62ee59', 'e3d3e750-7179-4189-9c19-fd546c4493c5', 0),
('14a3d4c4-fb21-4153-9096-d96bda62ee59', '2a14abb5-4eea-46e2-bb70-2cf907acbf09', 0),
('14a3d4c4-fb21-4153-9096-d96bda62ee59', '8f764924-0f7a-49e0-a39d-d29f9c3b1161', 0),
('14a3d4c4-fb21-4153-9096-d96bda62ee59', '2dec0615-0284-4260-a0f8-44baa2954bc4', 0),
('14a3d4c4-fb21-4153-9096-d96bda62ee59', '55bce552-42e3-4ae9-96d2-6df192f2ac50', 0),
('14a3d4c4-fb21-4153-9096-d96bda62ee59', '7aaaf887-d5e5-47b6-b14b-6dfb7e423ea8', 0),
('14a3d4c4-fb21-4153-9096-d96bda62ee59', 'f7a5b648-8efe-41a8-8407-a9a76d8eb6fc', 0),
('14a3d4c4-fb21-4153-9096-d96bda62ee59', '25d27dd1-8add-421e-93e0-ba7d964ff990', 0),
('14a3d4c4-fb21-4153-9096-d96bda62ee59', '93218e81-668d-4697-ab5b-e9e04cc9732d', 0),
('14a3d4c4-fb21-4153-9096-d96bda62ee59', '3e5f72f3-c2f9-4771-99c8-5a5ced274ed7', 0),
('14a3d4c4-fb21-4153-9096-d96bda62ee59', 'c00dd550-41aa-41e3-890e-abf3c937e62f', 0),
('14a3d4c4-fb21-4153-9096-d96bda62ee59', 'bd5e6040-ba62-4a5d-aeda-ba81f6f46eea', 0),
('14a3d4c4-fb21-4153-9096-d96bda62ee59', '448f0c35-54b1-4bd3-9a37-24b350b50d0f', 0),
('14a3d4c4-fb21-4153-9096-d96bda62ee59', '835cb2dd-fb45-4605-9445-a2d14d2fba7b', 0),
('14a3d4c4-fb21-4153-9096-d96bda62ee59', 'd38a98c4-5cc7-45a2-93c0-4d03ff9cb496', 0),
('14a3d4c4-fb21-4153-9096-d96bda62ee59', '34531668-8c68-4ebd-a6a7-36645e9bac97', 0),
('14a3d4c4-fb21-4153-9096-d96bda62ee59', 'f2c126f4-0b32-46b1-a293-e4d53fd70d0f', 0),
('14a3d4c4-fb21-4153-9096-d96bda62ee59', '095f7293-c7b5-4c29-9112-4aa24a8c063a', 0),
('14a3d4c4-fb21-4153-9096-d96bda62ee59', '1a4c8801-de6e-4787-b940-69ec4b9e8ad1', 0),
('14a3d4c4-fb21-4153-9096-d96bda62ee59', 'a1f09d89-9f92-4531-ae83-7d595da08138', 0),
('14a3d4c4-fb21-4153-9096-d96bda62ee59', '923182ab-0058-40ea-a878-f6ba3dad4f74', 0),
('14a3d4c4-fb21-4153-9096-d96bda62ee59', '3c15b1af-8b00-4356-ae83-873a553d99c6', 0),
('14a3d4c4-fb21-4153-9096-d96bda62ee59', '3dab7f91-33f3-4271-a2ff-d9b5eb232068', 0),
('14a3d4c4-fb21-4153-9096-d96bda62ee59', '74316db6-7ad9-4570-b837-136944e986ad', 0),
('14a3d4c4-fb21-4153-9096-d96bda62ee59', '4cf28277-1496-4420-ac8a-9c24e1e41181', 0),
('14a3d4c4-fb21-4153-9096-d96bda62ee59', '9a9e7afb-d32b-4975-a7ed-d0174761e6e7', 0),
('14a3d4c4-fb21-4153-9096-d96bda62ee59', 'ad372f33-1ace-46da-b3ef-f9156398a019', 0),
('14a3d4c4-fb21-4153-9096-d96bda62ee59', 'bc795075-07ac-4458-a8a2-56b7d8ab0437', 0),
('14a3d4c4-fb21-4153-9096-d96bda62ee59', '72c4be16-5b12-432b-8cec-4fa162788527', 0),
('14a3d4c4-fb21-4153-9096-d96bda62ee59', 'f111ef40-05d2-4e04-9856-d63fade4a12d', 0),
('14a3d4c4-fb21-4153-9096-d96bda62ee59', 'f027a18c-3164-42a2-b49b-f299a1477798', 0),
('14a3d4c4-fb21-4153-9096-d96bda62ee59', 'a19c9d5d-5999-4972-aca8-1990d6c854ea', 0),
('14a3d4c4-fb21-4153-9096-d96bda62ee59', '46d680bc-036d-4e72-bb12-1d8ed212c83a', 0),
('14a3d4c4-fb21-4153-9096-d96bda62ee59', '8f162292-9e44-4003-97b8-86fe410c486a', 0),
('14a3d4c4-fb21-4153-9096-d96bda62ee59', 'b2c5d58f-9983-48c5-8a1e-96dafdb3307c', 0),
('14a3d4c4-fb21-4153-9096-d96bda62ee59', 'd7cc064f-70a0-43ad-bd86-8d200580d6b8', 0),
('14a3d4c4-fb21-4153-9096-d96bda62ee59', 'daf6789f-eb96-423c-9958-82ba17c4517a', 0),
('14a3d4c4-fb21-4153-9096-d96bda62ee59', '5248af81-7450-48a8-bce9-d179a79101b3', 0),
('14a3d4c4-fb21-4153-9096-d96bda62ee59', 'a8bdf565-b0d2-46dd-aa34-fedd762ff61c', 0),
('14a3d4c4-fb21-4153-9096-d96bda62ee59', 'be8f4a76-9966-4b2f-95ef-067dd7879655', 0),
('14a3d4c4-fb21-4153-9096-d96bda62ee59', '5904e413-0619-4099-afbc-71e133a68511', 0),
('14a3d4c4-fb21-4153-9096-d96bda62ee59', 'a5780fe8-4708-4574-a3de-416064b970d1', 0),
('14a3d4c4-fb21-4153-9096-d96bda62ee59', '212c0538-0cb2-4126-bcc9-baaa8265afb2', 0),
('14a3d4c4-fb21-4153-9096-d96bda62ee59', '748d7f2c-0e5d-45cd-8f5d-77da302bbc0c', 0),
('14a3d4c4-fb21-4153-9096-d96bda62ee59', '3a2b8ce7-e279-42dd-8905-a42d35bf6fa0', 0),
('14a3d4c4-fb21-4153-9096-d96bda62ee59', 'af20c27b-e20c-459a-bbde-7603fc8715fc', 0),
('14a3d4c4-fb21-4153-9096-d96bda62ee59', 'a23d5a35-4168-40d2-a8eb-cd15f71f120c', 0),
('14a3d4c4-fb21-4153-9096-d96bda62ee59', '8b39efa4-ce8d-4617-84e7-45bf095c290a', 0),

('978d41ee-1f38-4c84-8826-8e62bc5ba109', '64f534f8-f2d4-4402-95a3-54de48b678a8', 0),
('978d41ee-1f38-4c84-8826-8e62bc5ba109', '278cfa5a-6f44-420e-9930-07da6c43a6ad', 0),
('978d41ee-1f38-4c84-8826-8e62bc5ba109', '7ef7351b-912e-4a64-ba6d-cfdfcb7d56af', 0),
('978d41ee-1f38-4c84-8826-8e62bc5ba109', '03b3fb9f-38af-4074-8ab5-b9644ab44397', 0),
('978d41ee-1f38-4c84-8826-8e62bc5ba109', '3aff8c17-3c98-44ed-a849-1976d2c4a91a', 0),
('978d41ee-1f38-4c84-8826-8e62bc5ba109', 'e7b0024e-cc97-46a8-bd3a-450607eebe3c', 0),
('978d41ee-1f38-4c84-8826-8e62bc5ba109', '8a5f664a-c72d-46b2-b12b-b38e4a5ec67f', 0),
('978d41ee-1f38-4c84-8826-8e62bc5ba109', '83b64a87-6bc5-4b61-9121-505f37b81682', 0),
('978d41ee-1f38-4c84-8826-8e62bc5ba109', '23abfe5e-e938-4bf5-93d4-202e2fa3aa3e', 0),
('978d41ee-1f38-4c84-8826-8e62bc5ba109', '48f88f8f-c393-4bda-9812-a748486f404e', 0),
('978d41ee-1f38-4c84-8826-8e62bc5ba109', 'eb6c8e4c-502e-45b4-9a69-387e33cdadb1', 0),
('978d41ee-1f38-4c84-8826-8e62bc5ba109', '68b0682b-9ac7-42a2-873a-8e9874e12953', 0),
('978d41ee-1f38-4c84-8826-8e62bc5ba109', '1e43835a-4902-4d12-abaf-0bc8f2dae2aa', 0),
('978d41ee-1f38-4c84-8826-8e62bc5ba109', '19dc1564-8c00-4377-95db-16535a80610a', 0),
('978d41ee-1f38-4c84-8826-8e62bc5ba109', 'b26a4472-db66-4bec-926d-bb53f31083c2', 0),
('978d41ee-1f38-4c84-8826-8e62bc5ba109', 'e91a010d-0fa4-4801-bee5-1974e87ab3d2', 0),
('978d41ee-1f38-4c84-8826-8e62bc5ba109', '469b6456-1157-43da-a275-88c983fcee9d', 0),
('978d41ee-1f38-4c84-8826-8e62bc5ba109', 'c23a762d-0f9f-43b9-8a6a-7a34421ee042', 0),
('978d41ee-1f38-4c84-8826-8e62bc5ba109', '80b291d4-5306-4879-8aa1-fec2ea4b6516', 0),
('978d41ee-1f38-4c84-8826-8e62bc5ba109', '81acd1bf-e6f3-44c4-ad24-c47dc22adc60', 0),
('978d41ee-1f38-4c84-8826-8e62bc5ba109', '0e13b758-e1dc-4f5a-a481-de9ab43934f1', 0),
('978d41ee-1f38-4c84-8826-8e62bc5ba109', '9acfdf82-5ffd-474d-8303-b22a2a9ce0f8', 0),
('978d41ee-1f38-4c84-8826-8e62bc5ba109', '586efb75-57ab-43ca-9b85-3bdeeae3ae19', 0),
('978d41ee-1f38-4c84-8826-8e62bc5ba109', 'e4be062f-b594-4580-b514-d9d6cdaf2933', 0),
('978d41ee-1f38-4c84-8826-8e62bc5ba109', '0500418e-bfad-4cd1-860d-994cbdc9e2df', 0),
('978d41ee-1f38-4c84-8826-8e62bc5ba109', 'bc81df0c-573b-4269-ac2c-2b2667967dbb', 0),
('978d41ee-1f38-4c84-8826-8e62bc5ba109', '866d5272-594d-423d-b702-cfccbe7a8e44', 0),
('978d41ee-1f38-4c84-8826-8e62bc5ba109', '5231566f-373d-46a2-af0f-62e1a9ea643b', 0),
('978d41ee-1f38-4c84-8826-8e62bc5ba109', '70eb9a4b-be40-4b01-8534-796bb5f02d90', 0),
('978d41ee-1f38-4c84-8826-8e62bc5ba109', 'bb5f149f-8e45-455c-91d1-97639e96f671', 0),
('978d41ee-1f38-4c84-8826-8e62bc5ba109', '4a88b128-2471-4f25-b51a-136363ddbe7d', 0),
('978d41ee-1f38-4c84-8826-8e62bc5ba109', '84b69406-d92e-4feb-a313-f1f373f1958c', 0),
('978d41ee-1f38-4c84-8826-8e62bc5ba109', 'ded148fc-19d8-478a-9060-0b4543727d37', 0),
('978d41ee-1f38-4c84-8826-8e62bc5ba109', '92388b4d-6ff6-4500-9b02-24d4227f3a28', 0),
('978d41ee-1f38-4c84-8826-8e62bc5ba109', 'e1817fb5-5fb6-44aa-abbf-eda52cc578d7', 0),
('978d41ee-1f38-4c84-8826-8e62bc5ba109', '9a5f706f-ae38-418d-b911-77559d20e076', 0),
('978d41ee-1f38-4c84-8826-8e62bc5ba109', '01db55cc-7d06-4778-b9c1-7ccdc3e3cd13', 0),
('978d41ee-1f38-4c84-8826-8e62bc5ba109', 'f80a900f-e0a5-4cc3-8adf-27c6309b81ca', 0),
('978d41ee-1f38-4c84-8826-8e62bc5ba109', 'd6a31188-c1b8-4976-b372-aced401f2347', 0),
('978d41ee-1f38-4c84-8826-8e62bc5ba109', '8f0191bc-a242-4cb0-a9ba-38f48e823e54', 0),
('978d41ee-1f38-4c84-8826-8e62bc5ba109', 'c80e5abb-3759-49eb-8cbe-c2b7ff742072', 0),
('978d41ee-1f38-4c84-8826-8e62bc5ba109', 'f1647832-8eb1-460d-a5ae-c9fac5e2cd5d', 0),
('978d41ee-1f38-4c84-8826-8e62bc5ba109', 'e3d3e750-7179-4189-9c19-fd546c4493c5', 0),
('978d41ee-1f38-4c84-8826-8e62bc5ba109', '2a14abb5-4eea-46e2-bb70-2cf907acbf09', 0),
('978d41ee-1f38-4c84-8826-8e62bc5ba109', '8f764924-0f7a-49e0-a39d-d29f9c3b1161', 0),
('978d41ee-1f38-4c84-8826-8e62bc5ba109', '2dec0615-0284-4260-a0f8-44baa2954bc4', 0),
('978d41ee-1f38-4c84-8826-8e62bc5ba109', '55bce552-42e3-4ae9-96d2-6df192f2ac50', 0),
('978d41ee-1f38-4c84-8826-8e62bc5ba109', '7aaaf887-d5e5-47b6-b14b-6dfb7e423ea8', 0),
('978d41ee-1f38-4c84-8826-8e62bc5ba109', 'f7a5b648-8efe-41a8-8407-a9a76d8eb6fc', 0),
('978d41ee-1f38-4c84-8826-8e62bc5ba109', '25d27dd1-8add-421e-93e0-ba7d964ff990', 0),
('978d41ee-1f38-4c84-8826-8e62bc5ba109', '93218e81-668d-4697-ab5b-e9e04cc9732d', 0),
('978d41ee-1f38-4c84-8826-8e62bc5ba109', '3e5f72f3-c2f9-4771-99c8-5a5ced274ed7', 0),
('978d41ee-1f38-4c84-8826-8e62bc5ba109', 'c00dd550-41aa-41e3-890e-abf3c937e62f', 0),
('978d41ee-1f38-4c84-8826-8e62bc5ba109', 'bd5e6040-ba62-4a5d-aeda-ba81f6f46eea', 0),
('978d41ee-1f38-4c84-8826-8e62bc5ba109', '448f0c35-54b1-4bd3-9a37-24b350b50d0f', 0),
('978d41ee-1f38-4c84-8826-8e62bc5ba109', '835cb2dd-fb45-4605-9445-a2d14d2fba7b', 0),
('978d41ee-1f38-4c84-8826-8e62bc5ba109', 'd38a98c4-5cc7-45a2-93c0-4d03ff9cb496', 0),
('978d41ee-1f38-4c84-8826-8e62bc5ba109', '34531668-8c68-4ebd-a6a7-36645e9bac97', 0),
('978d41ee-1f38-4c84-8826-8e62bc5ba109', 'f2c126f4-0b32-46b1-a293-e4d53fd70d0f', 0),
('978d41ee-1f38-4c84-8826-8e62bc5ba109', '095f7293-c7b5-4c29-9112-4aa24a8c063a', 0),
('978d41ee-1f38-4c84-8826-8e62bc5ba109', '1a4c8801-de6e-4787-b940-69ec4b9e8ad1', 0),
('978d41ee-1f38-4c84-8826-8e62bc5ba109', 'a1f09d89-9f92-4531-ae83-7d595da08138', 0),
('978d41ee-1f38-4c84-8826-8e62bc5ba109', '923182ab-0058-40ea-a878-f6ba3dad4f74', 0),
('978d41ee-1f38-4c84-8826-8e62bc5ba109', '3c15b1af-8b00-4356-ae83-873a553d99c6', 0),
('978d41ee-1f38-4c84-8826-8e62bc5ba109', '3dab7f91-33f3-4271-a2ff-d9b5eb232068', 0),
('978d41ee-1f38-4c84-8826-8e62bc5ba109', '74316db6-7ad9-4570-b837-136944e986ad', 0),
('978d41ee-1f38-4c84-8826-8e62bc5ba109', '4cf28277-1496-4420-ac8a-9c24e1e41181', 0),
('978d41ee-1f38-4c84-8826-8e62bc5ba109', '9a9e7afb-d32b-4975-a7ed-d0174761e6e7', 0),
('978d41ee-1f38-4c84-8826-8e62bc5ba109', 'ad372f33-1ace-46da-b3ef-f9156398a019', 0),
('978d41ee-1f38-4c84-8826-8e62bc5ba109', 'bc795075-07ac-4458-a8a2-56b7d8ab0437', 0),
('978d41ee-1f38-4c84-8826-8e62bc5ba109', '72c4be16-5b12-432b-8cec-4fa162788527', 0),
('978d41ee-1f38-4c84-8826-8e62bc5ba109', 'f111ef40-05d2-4e04-9856-d63fade4a12d', 0),
('978d41ee-1f38-4c84-8826-8e62bc5ba109', 'f027a18c-3164-42a2-b49b-f299a1477798', 0),
('978d41ee-1f38-4c84-8826-8e62bc5ba109', 'a19c9d5d-5999-4972-aca8-1990d6c854ea', 0),
('978d41ee-1f38-4c84-8826-8e62bc5ba109', '46d680bc-036d-4e72-bb12-1d8ed212c83a', 0),
('978d41ee-1f38-4c84-8826-8e62bc5ba109', '8f162292-9e44-4003-97b8-86fe410c486a', 0),
('978d41ee-1f38-4c84-8826-8e62bc5ba109', 'b2c5d58f-9983-48c5-8a1e-96dafdb3307c', 0),
('978d41ee-1f38-4c84-8826-8e62bc5ba109', 'd7cc064f-70a0-43ad-bd86-8d200580d6b8', 0),
('978d41ee-1f38-4c84-8826-8e62bc5ba109', 'daf6789f-eb96-423c-9958-82ba17c4517a', 0),
('978d41ee-1f38-4c84-8826-8e62bc5ba109', '5248af81-7450-48a8-bce9-d179a79101b3', 0),
('978d41ee-1f38-4c84-8826-8e62bc5ba109', 'a8bdf565-b0d2-46dd-aa34-fedd762ff61c', 0),
('978d41ee-1f38-4c84-8826-8e62bc5ba109', 'be8f4a76-9966-4b2f-95ef-067dd7879655', 0),
('978d41ee-1f38-4c84-8826-8e62bc5ba109', '5904e413-0619-4099-afbc-71e133a68511', 0),
('978d41ee-1f38-4c84-8826-8e62bc5ba109', 'a5780fe8-4708-4574-a3de-416064b970d1', 0),
('978d41ee-1f38-4c84-8826-8e62bc5ba109', '212c0538-0cb2-4126-bcc9-baaa8265afb2', 0),
('978d41ee-1f38-4c84-8826-8e62bc5ba109', '748d7f2c-0e5d-45cd-8f5d-77da302bbc0c', 0),
('978d41ee-1f38-4c84-8826-8e62bc5ba109', '3a2b8ce7-e279-42dd-8905-a42d35bf6fa0', 0),
('978d41ee-1f38-4c84-8826-8e62bc5ba109', 'af20c27b-e20c-459a-bbde-7603fc8715fc', 0),
('978d41ee-1f38-4c84-8826-8e62bc5ba109', 'a23d5a35-4168-40d2-a8eb-cd15f71f120c', 0),
('978d41ee-1f38-4c84-8826-8e62bc5ba109', '8b39efa4-ce8d-4617-84e7-45bf095c290a', 0),

('da189940-d09e-4587-9665-8efdf10684dd', '64f534f8-f2d4-4402-95a3-54de48b678a8', 0),
('da189940-d09e-4587-9665-8efdf10684dd', '278cfa5a-6f44-420e-9930-07da6c43a6ad', 0),
('da189940-d09e-4587-9665-8efdf10684dd', '7ef7351b-912e-4a64-ba6d-cfdfcb7d56af', 0),
('da189940-d09e-4587-9665-8efdf10684dd', '03b3fb9f-38af-4074-8ab5-b9644ab44397', 0),
('da189940-d09e-4587-9665-8efdf10684dd', '3aff8c17-3c98-44ed-a849-1976d2c4a91a', 0),
('da189940-d09e-4587-9665-8efdf10684dd', 'e7b0024e-cc97-46a8-bd3a-450607eebe3c', 0),
('da189940-d09e-4587-9665-8efdf10684dd', '8a5f664a-c72d-46b2-b12b-b38e4a5ec67f', 0),
('da189940-d09e-4587-9665-8efdf10684dd', '83b64a87-6bc5-4b61-9121-505f37b81682', 0),
('da189940-d09e-4587-9665-8efdf10684dd', '23abfe5e-e938-4bf5-93d4-202e2fa3aa3e', 0),
('da189940-d09e-4587-9665-8efdf10684dd', '48f88f8f-c393-4bda-9812-a748486f404e', 0),
('da189940-d09e-4587-9665-8efdf10684dd', 'eb6c8e4c-502e-45b4-9a69-387e33cdadb1', 0),
('da189940-d09e-4587-9665-8efdf10684dd', '68b0682b-9ac7-42a2-873a-8e9874e12953', 0),
('da189940-d09e-4587-9665-8efdf10684dd', '1e43835a-4902-4d12-abaf-0bc8f2dae2aa', 0),
('da189940-d09e-4587-9665-8efdf10684dd', '19dc1564-8c00-4377-95db-16535a80610a', 0),
('da189940-d09e-4587-9665-8efdf10684dd', 'b26a4472-db66-4bec-926d-bb53f31083c2', 0),
('da189940-d09e-4587-9665-8efdf10684dd', 'e91a010d-0fa4-4801-bee5-1974e87ab3d2', 0),
('da189940-d09e-4587-9665-8efdf10684dd', '469b6456-1157-43da-a275-88c983fcee9d', 0),
('da189940-d09e-4587-9665-8efdf10684dd', 'c23a762d-0f9f-43b9-8a6a-7a34421ee042', 0),
('da189940-d09e-4587-9665-8efdf10684dd', '80b291d4-5306-4879-8aa1-fec2ea4b6516', 0),
('da189940-d09e-4587-9665-8efdf10684dd', '81acd1bf-e6f3-44c4-ad24-c47dc22adc60', 0),
('da189940-d09e-4587-9665-8efdf10684dd', '0e13b758-e1dc-4f5a-a481-de9ab43934f1', 0),
('da189940-d09e-4587-9665-8efdf10684dd', '9acfdf82-5ffd-474d-8303-b22a2a9ce0f8', 0),
('da189940-d09e-4587-9665-8efdf10684dd', '586efb75-57ab-43ca-9b85-3bdeeae3ae19', 0),
('da189940-d09e-4587-9665-8efdf10684dd', 'e4be062f-b594-4580-b514-d9d6cdaf2933', 0),
('da189940-d09e-4587-9665-8efdf10684dd', '0500418e-bfad-4cd1-860d-994cbdc9e2df', 0),
('da189940-d09e-4587-9665-8efdf10684dd', 'bc81df0c-573b-4269-ac2c-2b2667967dbb', 0),
('da189940-d09e-4587-9665-8efdf10684dd', '866d5272-594d-423d-b702-cfccbe7a8e44', 0),
('da189940-d09e-4587-9665-8efdf10684dd', '5231566f-373d-46a2-af0f-62e1a9ea643b', 0),
('da189940-d09e-4587-9665-8efdf10684dd', '70eb9a4b-be40-4b01-8534-796bb5f02d90', 0),
('da189940-d09e-4587-9665-8efdf10684dd', 'bb5f149f-8e45-455c-91d1-97639e96f671', 0),
('da189940-d09e-4587-9665-8efdf10684dd', '4a88b128-2471-4f25-b51a-136363ddbe7d', 0),
('da189940-d09e-4587-9665-8efdf10684dd', '84b69406-d92e-4feb-a313-f1f373f1958c', 0),
('da189940-d09e-4587-9665-8efdf10684dd', 'ded148fc-19d8-478a-9060-0b4543727d37', 0),
('da189940-d09e-4587-9665-8efdf10684dd', '92388b4d-6ff6-4500-9b02-24d4227f3a28', 0),
('da189940-d09e-4587-9665-8efdf10684dd', 'e1817fb5-5fb6-44aa-abbf-eda52cc578d7', 0),
('da189940-d09e-4587-9665-8efdf10684dd', '9a5f706f-ae38-418d-b911-77559d20e076', 0),
('da189940-d09e-4587-9665-8efdf10684dd', '01db55cc-7d06-4778-b9c1-7ccdc3e3cd13', 0),
('da189940-d09e-4587-9665-8efdf10684dd', 'f80a900f-e0a5-4cc3-8adf-27c6309b81ca', 0),
('da189940-d09e-4587-9665-8efdf10684dd', 'd6a31188-c1b8-4976-b372-aced401f2347', 0),
('da189940-d09e-4587-9665-8efdf10684dd', '8f0191bc-a242-4cb0-a9ba-38f48e823e54', 0),
('da189940-d09e-4587-9665-8efdf10684dd', 'c80e5abb-3759-49eb-8cbe-c2b7ff742072', 0),
('da189940-d09e-4587-9665-8efdf10684dd', 'f1647832-8eb1-460d-a5ae-c9fac5e2cd5d', 0),
('da189940-d09e-4587-9665-8efdf10684dd', 'e3d3e750-7179-4189-9c19-fd546c4493c5', 0),
('da189940-d09e-4587-9665-8efdf10684dd', '2a14abb5-4eea-46e2-bb70-2cf907acbf09', 0),
('da189940-d09e-4587-9665-8efdf10684dd', '8f764924-0f7a-49e0-a39d-d29f9c3b1161', 0),
('da189940-d09e-4587-9665-8efdf10684dd', '2dec0615-0284-4260-a0f8-44baa2954bc4', 0),
('da189940-d09e-4587-9665-8efdf10684dd', '55bce552-42e3-4ae9-96d2-6df192f2ac50', 0),
('da189940-d09e-4587-9665-8efdf10684dd', '7aaaf887-d5e5-47b6-b14b-6dfb7e423ea8', 0),
('da189940-d09e-4587-9665-8efdf10684dd', 'f7a5b648-8efe-41a8-8407-a9a76d8eb6fc', 0),
('da189940-d09e-4587-9665-8efdf10684dd', '25d27dd1-8add-421e-93e0-ba7d964ff990', 0),
('da189940-d09e-4587-9665-8efdf10684dd', '93218e81-668d-4697-ab5b-e9e04cc9732d', 0),
('da189940-d09e-4587-9665-8efdf10684dd', '3e5f72f3-c2f9-4771-99c8-5a5ced274ed7', 0),
('da189940-d09e-4587-9665-8efdf10684dd', 'c00dd550-41aa-41e3-890e-abf3c937e62f', 0),
('da189940-d09e-4587-9665-8efdf10684dd', 'bd5e6040-ba62-4a5d-aeda-ba81f6f46eea', 0),
('da189940-d09e-4587-9665-8efdf10684dd', '448f0c35-54b1-4bd3-9a37-24b350b50d0f', 0),
('da189940-d09e-4587-9665-8efdf10684dd', '835cb2dd-fb45-4605-9445-a2d14d2fba7b', 0),
('da189940-d09e-4587-9665-8efdf10684dd', 'd38a98c4-5cc7-45a2-93c0-4d03ff9cb496', 0),
('da189940-d09e-4587-9665-8efdf10684dd', '34531668-8c68-4ebd-a6a7-36645e9bac97', 0),
('da189940-d09e-4587-9665-8efdf10684dd', 'f2c126f4-0b32-46b1-a293-e4d53fd70d0f', 0),
('da189940-d09e-4587-9665-8efdf10684dd', '095f7293-c7b5-4c29-9112-4aa24a8c063a', 0),
('da189940-d09e-4587-9665-8efdf10684dd', '1a4c8801-de6e-4787-b940-69ec4b9e8ad1', 0),
('da189940-d09e-4587-9665-8efdf10684dd', 'a1f09d89-9f92-4531-ae83-7d595da08138', 0),
('da189940-d09e-4587-9665-8efdf10684dd', '923182ab-0058-40ea-a878-f6ba3dad4f74', 0),
('da189940-d09e-4587-9665-8efdf10684dd', '3c15b1af-8b00-4356-ae83-873a553d99c6', 0),
('da189940-d09e-4587-9665-8efdf10684dd', '3dab7f91-33f3-4271-a2ff-d9b5eb232068', 0),
('da189940-d09e-4587-9665-8efdf10684dd', '74316db6-7ad9-4570-b837-136944e986ad', 0),
('da189940-d09e-4587-9665-8efdf10684dd', '4cf28277-1496-4420-ac8a-9c24e1e41181', 0),
('da189940-d09e-4587-9665-8efdf10684dd', '9a9e7afb-d32b-4975-a7ed-d0174761e6e7', 0),
('da189940-d09e-4587-9665-8efdf10684dd', 'ad372f33-1ace-46da-b3ef-f9156398a019', 0),
('da189940-d09e-4587-9665-8efdf10684dd', 'bc795075-07ac-4458-a8a2-56b7d8ab0437', 0),
('da189940-d09e-4587-9665-8efdf10684dd', '72c4be16-5b12-432b-8cec-4fa162788527', 0),
('da189940-d09e-4587-9665-8efdf10684dd', 'f111ef40-05d2-4e04-9856-d63fade4a12d', 0),
('da189940-d09e-4587-9665-8efdf10684dd', 'f027a18c-3164-42a2-b49b-f299a1477798', 0),
('da189940-d09e-4587-9665-8efdf10684dd', 'a19c9d5d-5999-4972-aca8-1990d6c854ea', 0),
('da189940-d09e-4587-9665-8efdf10684dd', '46d680bc-036d-4e72-bb12-1d8ed212c83a', 0),
('da189940-d09e-4587-9665-8efdf10684dd', '8f162292-9e44-4003-97b8-86fe410c486a', 0),
('da189940-d09e-4587-9665-8efdf10684dd', 'b2c5d58f-9983-48c5-8a1e-96dafdb3307c', 0),
('da189940-d09e-4587-9665-8efdf10684dd', 'd7cc064f-70a0-43ad-bd86-8d200580d6b8', 0),
('da189940-d09e-4587-9665-8efdf10684dd', 'daf6789f-eb96-423c-9958-82ba17c4517a', 0),
('da189940-d09e-4587-9665-8efdf10684dd', '5248af81-7450-48a8-bce9-d179a79101b3', 0),
('da189940-d09e-4587-9665-8efdf10684dd', 'a8bdf565-b0d2-46dd-aa34-fedd762ff61c', 0),
('da189940-d09e-4587-9665-8efdf10684dd', 'be8f4a76-9966-4b2f-95ef-067dd7879655', 0),
('da189940-d09e-4587-9665-8efdf10684dd', '5904e413-0619-4099-afbc-71e133a68511', 0),
('da189940-d09e-4587-9665-8efdf10684dd', 'a5780fe8-4708-4574-a3de-416064b970d1', 0),
('da189940-d09e-4587-9665-8efdf10684dd', '212c0538-0cb2-4126-bcc9-baaa8265afb2', 0),
('da189940-d09e-4587-9665-8efdf10684dd', '748d7f2c-0e5d-45cd-8f5d-77da302bbc0c', 0),
('da189940-d09e-4587-9665-8efdf10684dd', '3a2b8ce7-e279-42dd-8905-a42d35bf6fa0', 0),
('da189940-d09e-4587-9665-8efdf10684dd', 'af20c27b-e20c-459a-bbde-7603fc8715fc', 0),
('da189940-d09e-4587-9665-8efdf10684dd', 'a23d5a35-4168-40d2-a8eb-cd15f71f120c', 0),
('da189940-d09e-4587-9665-8efdf10684dd', '8b39efa4-ce8d-4617-84e7-45bf095c290a', 0),

('a3daa48b-ece1-430e-a609-32e6c79c232f', '64f534f8-f2d4-4402-95a3-54de48b678a8', 0),
('a3daa48b-ece1-430e-a609-32e6c79c232f', '278cfa5a-6f44-420e-9930-07da6c43a6ad', 0),
('a3daa48b-ece1-430e-a609-32e6c79c232f', '7ef7351b-912e-4a64-ba6d-cfdfcb7d56af', 0),
('a3daa48b-ece1-430e-a609-32e6c79c232f', '03b3fb9f-38af-4074-8ab5-b9644ab44397', 0),
('a3daa48b-ece1-430e-a609-32e6c79c232f', '3aff8c17-3c98-44ed-a849-1976d2c4a91a', 0),
('a3daa48b-ece1-430e-a609-32e6c79c232f', 'e7b0024e-cc97-46a8-bd3a-450607eebe3c', 0),
('a3daa48b-ece1-430e-a609-32e6c79c232f', '8a5f664a-c72d-46b2-b12b-b38e4a5ec67f', 0),
('a3daa48b-ece1-430e-a609-32e6c79c232f', '83b64a87-6bc5-4b61-9121-505f37b81682', 0),
('a3daa48b-ece1-430e-a609-32e6c79c232f', '23abfe5e-e938-4bf5-93d4-202e2fa3aa3e', 0),
('a3daa48b-ece1-430e-a609-32e6c79c232f', '48f88f8f-c393-4bda-9812-a748486f404e', 0),
('a3daa48b-ece1-430e-a609-32e6c79c232f', 'eb6c8e4c-502e-45b4-9a69-387e33cdadb1', 0),
('a3daa48b-ece1-430e-a609-32e6c79c232f', '68b0682b-9ac7-42a2-873a-8e9874e12953', 0),
('a3daa48b-ece1-430e-a609-32e6c79c232f', '1e43835a-4902-4d12-abaf-0bc8f2dae2aa', 0),
('a3daa48b-ece1-430e-a609-32e6c79c232f', '19dc1564-8c00-4377-95db-16535a80610a', 0),
('a3daa48b-ece1-430e-a609-32e6c79c232f', 'b26a4472-db66-4bec-926d-bb53f31083c2', 0),
('a3daa48b-ece1-430e-a609-32e6c79c232f', 'e91a010d-0fa4-4801-bee5-1974e87ab3d2', 0),
('a3daa48b-ece1-430e-a609-32e6c79c232f', '469b6456-1157-43da-a275-88c983fcee9d', 0),
('a3daa48b-ece1-430e-a609-32e6c79c232f', 'c23a762d-0f9f-43b9-8a6a-7a34421ee042', 0),
('a3daa48b-ece1-430e-a609-32e6c79c232f', '80b291d4-5306-4879-8aa1-fec2ea4b6516', 0),
('a3daa48b-ece1-430e-a609-32e6c79c232f', '81acd1bf-e6f3-44c4-ad24-c47dc22adc60', 0),
('a3daa48b-ece1-430e-a609-32e6c79c232f', '0e13b758-e1dc-4f5a-a481-de9ab43934f1', 0),
('a3daa48b-ece1-430e-a609-32e6c79c232f', '9acfdf82-5ffd-474d-8303-b22a2a9ce0f8', 0),
('a3daa48b-ece1-430e-a609-32e6c79c232f', '586efb75-57ab-43ca-9b85-3bdeeae3ae19', 0),
('a3daa48b-ece1-430e-a609-32e6c79c232f', 'e4be062f-b594-4580-b514-d9d6cdaf2933', 0),
('a3daa48b-ece1-430e-a609-32e6c79c232f', '0500418e-bfad-4cd1-860d-994cbdc9e2df', 0),
('a3daa48b-ece1-430e-a609-32e6c79c232f', 'bc81df0c-573b-4269-ac2c-2b2667967dbb', 0),
('a3daa48b-ece1-430e-a609-32e6c79c232f', '866d5272-594d-423d-b702-cfccbe7a8e44', 0),
('a3daa48b-ece1-430e-a609-32e6c79c232f', '5231566f-373d-46a2-af0f-62e1a9ea643b', 0),
('a3daa48b-ece1-430e-a609-32e6c79c232f', '70eb9a4b-be40-4b01-8534-796bb5f02d90', 0),
('a3daa48b-ece1-430e-a609-32e6c79c232f', 'bb5f149f-8e45-455c-91d1-97639e96f671', 0),
('a3daa48b-ece1-430e-a609-32e6c79c232f', '4a88b128-2471-4f25-b51a-136363ddbe7d', 0),
('a3daa48b-ece1-430e-a609-32e6c79c232f', '84b69406-d92e-4feb-a313-f1f373f1958c', 0),
('a3daa48b-ece1-430e-a609-32e6c79c232f', 'ded148fc-19d8-478a-9060-0b4543727d37', 0),
('a3daa48b-ece1-430e-a609-32e6c79c232f', '92388b4d-6ff6-4500-9b02-24d4227f3a28', 0),
('a3daa48b-ece1-430e-a609-32e6c79c232f', 'e1817fb5-5fb6-44aa-abbf-eda52cc578d7', 0),
('a3daa48b-ece1-430e-a609-32e6c79c232f', '9a5f706f-ae38-418d-b911-77559d20e076', 0),
('a3daa48b-ece1-430e-a609-32e6c79c232f', '01db55cc-7d06-4778-b9c1-7ccdc3e3cd13', 0),
('a3daa48b-ece1-430e-a609-32e6c79c232f', 'f80a900f-e0a5-4cc3-8adf-27c6309b81ca', 0),
('a3daa48b-ece1-430e-a609-32e6c79c232f', 'd6a31188-c1b8-4976-b372-aced401f2347', 0),
('a3daa48b-ece1-430e-a609-32e6c79c232f', '8f0191bc-a242-4cb0-a9ba-38f48e823e54', 0),
('a3daa48b-ece1-430e-a609-32e6c79c232f', 'c80e5abb-3759-49eb-8cbe-c2b7ff742072', 0),
('a3daa48b-ece1-430e-a609-32e6c79c232f', 'f1647832-8eb1-460d-a5ae-c9fac5e2cd5d', 0),
('a3daa48b-ece1-430e-a609-32e6c79c232f', 'e3d3e750-7179-4189-9c19-fd546c4493c5', 0),
('a3daa48b-ece1-430e-a609-32e6c79c232f', '2a14abb5-4eea-46e2-bb70-2cf907acbf09', 0),
('a3daa48b-ece1-430e-a609-32e6c79c232f', '8f764924-0f7a-49e0-a39d-d29f9c3b1161', 0),
('a3daa48b-ece1-430e-a609-32e6c79c232f', '2dec0615-0284-4260-a0f8-44baa2954bc4', 0),
('a3daa48b-ece1-430e-a609-32e6c79c232f', '55bce552-42e3-4ae9-96d2-6df192f2ac50', 0),
('a3daa48b-ece1-430e-a609-32e6c79c232f', '7aaaf887-d5e5-47b6-b14b-6dfb7e423ea8', 0),
('a3daa48b-ece1-430e-a609-32e6c79c232f', 'f7a5b648-8efe-41a8-8407-a9a76d8eb6fc', 0),
('a3daa48b-ece1-430e-a609-32e6c79c232f', '25d27dd1-8add-421e-93e0-ba7d964ff990', 0),
('a3daa48b-ece1-430e-a609-32e6c79c232f', '93218e81-668d-4697-ab5b-e9e04cc9732d', 0),
('a3daa48b-ece1-430e-a609-32e6c79c232f', '3e5f72f3-c2f9-4771-99c8-5a5ced274ed7', 0),
('a3daa48b-ece1-430e-a609-32e6c79c232f', 'c00dd550-41aa-41e3-890e-abf3c937e62f', 0),
('a3daa48b-ece1-430e-a609-32e6c79c232f', 'bd5e6040-ba62-4a5d-aeda-ba81f6f46eea', 0),
('a3daa48b-ece1-430e-a609-32e6c79c232f', '448f0c35-54b1-4bd3-9a37-24b350b50d0f', 0),
('a3daa48b-ece1-430e-a609-32e6c79c232f', '835cb2dd-fb45-4605-9445-a2d14d2fba7b', 0),
('a3daa48b-ece1-430e-a609-32e6c79c232f', 'd38a98c4-5cc7-45a2-93c0-4d03ff9cb496', 0),
('a3daa48b-ece1-430e-a609-32e6c79c232f', '34531668-8c68-4ebd-a6a7-36645e9bac97', 0),
('a3daa48b-ece1-430e-a609-32e6c79c232f', 'f2c126f4-0b32-46b1-a293-e4d53fd70d0f', 0),
('a3daa48b-ece1-430e-a609-32e6c79c232f', '095f7293-c7b5-4c29-9112-4aa24a8c063a', 0),
('a3daa48b-ece1-430e-a609-32e6c79c232f', '1a4c8801-de6e-4787-b940-69ec4b9e8ad1', 0),
('a3daa48b-ece1-430e-a609-32e6c79c232f', 'a1f09d89-9f92-4531-ae83-7d595da08138', 0),
('a3daa48b-ece1-430e-a609-32e6c79c232f', '923182ab-0058-40ea-a878-f6ba3dad4f74', 0),
('a3daa48b-ece1-430e-a609-32e6c79c232f', '3c15b1af-8b00-4356-ae83-873a553d99c6', 0),
('a3daa48b-ece1-430e-a609-32e6c79c232f', '3dab7f91-33f3-4271-a2ff-d9b5eb232068', 0),
('a3daa48b-ece1-430e-a609-32e6c79c232f', '74316db6-7ad9-4570-b837-136944e986ad', 0),
('a3daa48b-ece1-430e-a609-32e6c79c232f', '4cf28277-1496-4420-ac8a-9c24e1e41181', 0),
('a3daa48b-ece1-430e-a609-32e6c79c232f', '9a9e7afb-d32b-4975-a7ed-d0174761e6e7', 0),
('a3daa48b-ece1-430e-a609-32e6c79c232f', 'ad372f33-1ace-46da-b3ef-f9156398a019', 0),
('a3daa48b-ece1-430e-a609-32e6c79c232f', 'bc795075-07ac-4458-a8a2-56b7d8ab0437', 0),
('a3daa48b-ece1-430e-a609-32e6c79c232f', '72c4be16-5b12-432b-8cec-4fa162788527', 0),
('a3daa48b-ece1-430e-a609-32e6c79c232f', 'f111ef40-05d2-4e04-9856-d63fade4a12d', 0),
('a3daa48b-ece1-430e-a609-32e6c79c232f', 'f027a18c-3164-42a2-b49b-f299a1477798', 0),
('a3daa48b-ece1-430e-a609-32e6c79c232f', 'a19c9d5d-5999-4972-aca8-1990d6c854ea', 0),
('a3daa48b-ece1-430e-a609-32e6c79c232f', '46d680bc-036d-4e72-bb12-1d8ed212c83a', 0),
('a3daa48b-ece1-430e-a609-32e6c79c232f', '8f162292-9e44-4003-97b8-86fe410c486a', 0),
('a3daa48b-ece1-430e-a609-32e6c79c232f', 'b2c5d58f-9983-48c5-8a1e-96dafdb3307c', 0),
('a3daa48b-ece1-430e-a609-32e6c79c232f', 'd7cc064f-70a0-43ad-bd86-8d200580d6b8', 0),
('a3daa48b-ece1-430e-a609-32e6c79c232f', 'daf6789f-eb96-423c-9958-82ba17c4517a', 0),
('a3daa48b-ece1-430e-a609-32e6c79c232f', '5248af81-7450-48a8-bce9-d179a79101b3', 0),
('a3daa48b-ece1-430e-a609-32e6c79c232f', 'a8bdf565-b0d2-46dd-aa34-fedd762ff61c', 0),
('a3daa48b-ece1-430e-a609-32e6c79c232f', 'be8f4a76-9966-4b2f-95ef-067dd7879655', 0),
('a3daa48b-ece1-430e-a609-32e6c79c232f', '5904e413-0619-4099-afbc-71e133a68511', 0),
('a3daa48b-ece1-430e-a609-32e6c79c232f', 'a5780fe8-4708-4574-a3de-416064b970d1', 0),
('a3daa48b-ece1-430e-a609-32e6c79c232f', '212c0538-0cb2-4126-bcc9-baaa8265afb2', 0),
('a3daa48b-ece1-430e-a609-32e6c79c232f', '748d7f2c-0e5d-45cd-8f5d-77da302bbc0c', 0),
('a3daa48b-ece1-430e-a609-32e6c79c232f', '3a2b8ce7-e279-42dd-8905-a42d35bf6fa0', 0),
('a3daa48b-ece1-430e-a609-32e6c79c232f', 'af20c27b-e20c-459a-bbde-7603fc8715fc', 0),
('a3daa48b-ece1-430e-a609-32e6c79c232f', 'a23d5a35-4168-40d2-a8eb-cd15f71f120c', 0),
('a3daa48b-ece1-430e-a609-32e6c79c232f', '8b39efa4-ce8d-4617-84e7-45bf095c290a', 0);

INSERT INTO [dbo].[Feedbacks] ([Id], [UserId], [Type], [Message], [CreatedAt], [UpdatedAt], [DeletedAt]) VALUES 
('83061e8c-3403-441a-8be5-867ed1f4a86b', '0a9e546f-38b4-4dbf-a482-24a82169890e', 'Optimization', 'Improve page load time for the dashboard.', CAST('2024-03-01T00:00:00.0000000' AS DateTime2), NULL, NULL),
('bf823996-d2ce-4616-a6b2-f7347f05c6aa', '7eb88892-549b-4cae-90be-c52088354643', 'Optimization', 'Optimize search functionality for better results.', CAST('2024-03-02T00:00:00.0000000' AS DateTime2), NULL, NULL),
('48c8b307-d4b5-4c58-a3ad-1a2affea3b36', '36712aa4-77f0-4510-8425-cf53dad54840', 'Optimization', 'Compress images to improve page load time.', CAST('2024-03-03T00:00:00.0000000' AS DateTime2), NULL, NULL),
('7acaaed6-1bbb-4591-948c-ff5b6fbdad89', 'cb83d524-2016-4ce3-965b-223af9e7ba99', 'Optimization', 'Implement lazy loading for faster initial load.', CAST('2024-03-04T00:00:00.0000000' AS DateTime2), NULL, NULL),
('9dd5b2dc-3c7b-42b6-b6f4-241541087b5b', '9c6a5f06-b1f0-4507-b2f8-955156a8bed6', 'Issue', 'App crashes when submitting a form.', CAST('2024-03-05T00:00:00.0000000' AS DateTime2), NULL, NULL),
('25d06c66-b0cd-44a6-8ede-5a6003d58bcb', 'ff3dd044-ebfb-4e1d-9050-b6dcfe684a1a', 'Issue', 'Error message appears when uploading an image.', CAST('2024-03-06T00:00:00.0000000' AS DateTime2), NULL, NULL),
('506f63c5-5a15-46cb-89c7-e034bbe18b7d', 'f2a1edb1-332f-4c2f-af59-6b5508eafbec', 'Issue', 'Login issues after resetting the password.', CAST('2024-03-07T00:00:00.0000000' AS DateTime2), NULL, NULL),
('e242f701-23aa-4b89-8eb6-ceaaf9c47f74', '14a3d4c4-fb21-4153-9096-d96bda62ee59', 'Issue', 'Notifications not appearing on the mobile app.', CAST('2024-03-08T00:00:00.0000000' AS DateTime2), NULL, NULL),
('1a0e8dd4-70fd-4644-9c70-18b1e3d13e3d', '978d41ee-1f38-4c84-8826-8e62bc5ba109', 'Improvement', 'Add a dark mode for better user experience.', CAST('2024-03-09T00:00:00.0000000' AS DateTime2), NULL, NULL),
('136183be-e45d-412f-a938-694db72b64f0', 'da189940-d09e-4587-9665-8efdf10684dd', 'Improvement', 'Add more filtering options in the search bar.', CAST('2024-03-10T00:00:00.0000000' AS DateTime2), NULL, NULL),
('5729f7df-ac1f-4b0d-ab2f-e7d993ddeebe', '0a9e546f-38b4-4dbf-a482-24a82169890e', 'Improvement', 'Include an option to save items to a wishlist.', CAST('2024-03-11T00:00:00.0000000' AS DateTime2), NULL, NULL),
('777cfbdd-5330-44ab-848d-e2d61b46dcf7', '7eb88892-549b-4cae-90be-c52088354643', 'Improvement', 'Allow users to customize their profile layout.', CAST('2024-03-12T00:00:00.0000000' AS DateTime2), NULL, NULL),
('4e9c1ada-0cb2-4bfe-8d99-f82d06d39092', '36712aa4-77f0-4510-8425-cf53dad54840', 'Optimization', 'The loading time for the main page needs improvement.', CAST('2024-03-13T00:00:00.0000000' AS DateTime2), NULL, NULL),
('367daa3c-3b36-49b7-af37-29ca8bf55c69', 'cb83d524-2016-4ce3-965b-223af9e7ba99', 'Optimization', 'Consider using a CDN for faster content delivery.', CAST('2024-03-14T00:00:00.0000000' AS DateTime2), NULL, NULL),
('d901d2a3-3a96-496d-8f80-33d43a3b30da', '9c6a5f06-b1f0-4507-b2f8-955156a8bed6', 'Optimization', 'Reduce the memory usage on mobile devices.', CAST('2024-03-15T00:00:00.0000000' AS DateTime2), NULL, NULL),
('405b71fc-cd19-442b-b70b-c6fc1ef28eac', 'ff3dd044-ebfb-4e1d-9050-b6dcfe684a1a', 'Optimization', 'Improve server response time by optimizing queries.', CAST('2024-03-16T00:00:00.0000000' AS DateTime2), NULL, NULL),
('ccef4154-7a43-45d8-a7f0-d581a4dbd680', 'f2a1edb1-332f-4c2f-af59-6b5508eafbec', 'Issue', 'The application crashed on startup.', CAST('2024-03-17T00:00:00.0000000' AS DateTime2), NULL, NULL),
('1fb89f40-7b40-4438-8be5-0d770658ffe3', '14a3d4c4-fb21-4153-9096-d96bda62ee59', 'Issue', 'There is a bug in the payment gateway integration.', CAST('2024-03-18T00:00:00.0000000' AS DateTime2), NULL, NULL),
('15b305b2-f585-4cca-8039-5d76ad537104', '978d41ee-1f38-4c84-8826-8e62bc5ba109', 'Issue', 'Email notifications are sometimes delayed.', CAST('2024-03-19T00:00:00.0000000' AS DateTime2), NULL, NULL),
('10ff528a-0490-4eaa-a80f-d04c279c5a63', 'da189940-d09e-4587-9665-8efdf10684dd', 'Issue', 'Fix alignment issues on the settings page.', CAST('2024-03-20T00:00:00.0000000' AS DateTime2), NULL, NULL),
('819ece95-0f7e-4ad6-aa95-4dcafff97345', '0a9e546f-38b4-4dbf-a482-24a82169890e', 'Improvement', 'Add more analytics features for users.', CAST('2024-03-21T00:00:00.0000000' AS DateTime2), NULL, NULL),
('67583c71-93f3-422c-8f8d-a00ca634373b', '7eb88892-549b-4cae-90be-c52088354643', 'Improvement', 'Implement dark mode in the user interface.', CAST('2024-03-22T00:00:00.0000000' AS DateTime2), NULL, NULL),
('31f51cb2-a487-457b-9ad3-507e48a5f2b1', '36712aa4-77f0-4510-8425-cf53dad54840', 'Improvement', 'Update the search functionality to include filters.', CAST('2024-03-23T00:00:00.0000000' AS DateTime2), NULL, NULL),
('871103f4-b5c9-4788-9f41-265c72c41b9f', 'cb83d524-2016-4ce3-965b-223af9e7ba99', 'Improvement', 'Add more detailed logs for debugging purposes.', CAST('2024-03-24T00:00:00.0000000' AS DateTime2), NULL, NULL),
('6abc0b49-b2de-46a5-bfa6-5b05a9573e73', '9c6a5f06-b1f0-4507-b2f8-955156a8bed6', 'Optimization', 'Database cleanup operations should be scheduled.', CAST('2024-03-25T00:00:00.0000000' AS DateTime2), NULL, NULL),
('ad8e35cb-bf09-48e1-8257-bb866c84821d', 'ff3dd044-ebfb-4e1d-9050-b6dcfe684a1a', 'Optimization', 'Use a more robust authentication method.', CAST('2024-03-26T00:00:00.0000000' AS DateTime2), NULL, NULL),
('70fec855-d30a-4a8d-9db5-1e8c40afbd27', 'f2a1edb1-332f-4c2f-af59-6b5508eafbec', 'Optimization', 'Optimize data handling to prevent memory leaks.', CAST('2024-03-27T00:00:00.0000000' AS DateTime2), NULL, NULL),
('55973ad0-5169-48c5-bc79-e2f24a03db36', '14a3d4c4-fb21-4153-9096-d96bda62ee59', 'Optimization', 'Improve email delivery system reliability.', CAST('2024-03-28T00:00:00.0000000' AS DateTime2), NULL, NULL),
('5594ecd8-b0ca-49b9-8e96-ea4980b10178', '978d41ee-1f38-4c84-8826-8e62bc5ba109', 'Issue', 'Users are experiencing logouts randomly.', CAST('2024-03-29T00:00:00.0000000' AS DateTime2), NULL, NULL),
('4c9684b7-ad0a-475b-a499-d66dccde6730', 'da189940-d09e-4587-9665-8efdf10684dd', 'Issue', 'The report generation feature fails to load.', CAST('2024-03-30T00:00:00.0000000' AS DateTime2), NULL, NULL),
('9e592479-4c9f-444f-a1c3-f888f38ab008', '0a9e546f-38b4-4dbf-a482-24a82169890e', 'Issue', 'Notification sounds are not working on some devices.', CAST('2024-03-31T00:00:00.0000000' AS DateTime2), NULL, NULL),
('2abf1f0c-6201-4eeb-96df-810a7fcdde47', '7eb88892-549b-4cae-90be-c52088354643', 'Issue', 'Application crashes when uploading large files.', CAST('2024-04-01T00:00:00.0000000' AS DateTime2), NULL, CAST('2024-04-01T12:00:00.0000000' AS DateTime2)),
('fc1ae2d2-1234-4b5b-9a1e-39df1b636f38', '36712aa4-77f0-4510-8425-cf53dad54840', 'Improvement', 'Enhance the search function with advanced filters.', CAST('2024-04-02T00:00:00.0000000' AS DateTime2), NULL, CAST('2024-04-02T12:00:00.0000000' AS DateTime2)),
('1e790ccd-7777-4bd7-a721-779f3b718b04', 'cb83d524-2016-4ce3-965b-223af9e7ba99', 'Improvement', 'Add multi-language support to the interface.', CAST('2024-04-03T00:00:00.0000000' AS DateTime2), NULL, CAST('2024-04-03T12:00:00.0000000' AS DateTime2)),
('bc5b2a5c-3333-47b4-bdac-4b504f1f7473', '9c6a5f06-b1f0-4507-b2f8-955156a8bed6', 'Improvement', 'Provide customizable dashboard widgets.', CAST('2024-04-04T00:00:00.0000000' AS DateTime2), NULL, CAST('2024-04-04T12:00:00.0000000' AS DateTime2)),
('c20369a1-8080-4f0b-9a3d-07af2fde560b', 'ff3dd044-ebfb-4e1d-9050-b6dcfe684a1a', 'Improvement', 'Implement two-factor authentication for enhanced security.', CAST('2024-04-05T00:00:00.0000000' AS DateTime2), NULL, CAST('2024-04-05T12:00:00.0000000' AS DateTime2)),
('84ab304c-c3ce-4db7-b451-77fd593f2cfe', 'f2a1edb1-332f-4c2f-af59-6b5508eafbec', 'Improvement', 'Increase file storage limits for users on all plans.', CAST('2024-04-06T00:00:00.0000000' AS DateTime2), NULL, NULL);

INSERT INTO [dbo].[Notifications] ([Id], [SenderId], [ReceiverId], [Type], [Message], [IsRead], [CreatedAt], [UpdatedAt], [DeletedAt]) VALUES 
('7e221fa3-2c22-4573-bf21-cd1d6696b576', '7eb88892-549b-4cae-90be-c52088354643', '0a9e546f-38b4-4dbf-a482-24a82169890e', 'Music', 'Your favorite artist just released a new album!', 0, CAST('2024-03-01T00:00:00.0000000' AS DateTime2), NULL, NULL),
('1d23fa22-3455-407b-9371-c42d56001de7', '36712aa4-77f0-4510-8425-cf53dad54840', '7eb88892-549b-4cae-90be-c52088354643', 'Music', 'Exclusive concert tickets available now for followers.', 0, CAST('2024-03-02T00:00:00.0000000' AS DateTime2), NULL, NULL),
('a88fda83-356b-46b2-a1fd-041ef5b98270', 'cb83d524-2016-4ce3-965b-223af9e7ba99', '36712aa4-77f0-4510-8425-cf53dad54840', 'Music', 'Updated playlist based on your recent listens.', 0, CAST('2024-03-03T00:00:00.0000000' AS DateTime2), NULL, NULL),
('8f6c5a67-369c-402b-88a7-0c0535e67411', '9c6a5f06-b1f0-4507-b2f8-955156a8bed6', 'cb83d524-2016-4ce3-965b-223af9e7ba99', 'Social', 'New friend suggestions are available.', 0, CAST('2024-03-04T00:00:00.0000000' AS DateTime2), NULL, NULL),
('2ba6fa59-3c3b-4599-8a2c-bf34b6aac71b', 'ff3dd044-ebfb-4e1d-9050-b6dcfe684a1a', '9c6a5f06-b1f0-4507-b2f8-955156a8bed6', 'Social', 'You have new followers waiting for your approval.', 0, CAST('2024-03-05T00:00:00.0000000' AS DateTime2), NULL, NULL),
('49f1caba-5d7e-4f3b-9217-49fefa6c4f3b', 'f2a1edb1-332f-4c2f-af59-6b5508eafbec', 'ff3dd044-ebfb-4e1d-9050-b6dcfe684a1a', 'Social', 'Your post has been shared over 100 times!', 0, CAST('2024-03-06T00:00:00.0000000' AS DateTime2), NULL, NULL),
('17de3d40-3f7a-45f1-a25e-2538c09e4d22', '14a3d4c4-fb21-4153-9096-d96bda62ee59', 'f2a1edb1-332f-4c2f-af59-6b5508eafbec', 'Account', 'Security alert: New sign-in from an unrecognized device.', 0, CAST('2024-03-07T00:00:00.0000000' AS DateTime2), NULL, NULL),
('6ec9550d-073c-4a17-8d1a-20a54dfd15f1', '978d41ee-1f38-4c84-8826-8e62bc5ba109', '14a3d4c4-fb21-4153-9096-d96bda62ee59', 'Account', 'Your account details have been successfully updated.', 0, CAST('2024-03-08T00:00:00.0000000' AS DateTime2), NULL, NULL),
('5f14e45d-e702-47ed-bb98-dd1f5d556f47', 'da189940-d09e-4587-9665-8efdf10684dd', '978d41ee-1f38-4c84-8826-8e62bc5ba109', 'Account', 'Password change confirmation.', 0, CAST('2024-03-09T00:00:00.0000000' AS DateTime2), NULL, NULL),
('67b832f0-4883-4df4-9a89-70c8bdd6023c', '0a9e546f-38b4-4dbf-a482-24a82169890e', 'da189940-d09e-4587-9665-8efdf10684dd', 'System', 'Scheduled maintenance will occur this Sunday at 3 AM.', 0, CAST('2024-03-10T00:00:00.0000000' AS DateTime2), NULL, NULL),
('1dc0d6c1-33a2-49f4-87a2-a2df00df00a1', '7eb88892-549b-4cae-90be-c52088354643', '0a9e546f-38b4-4dbf-a482-24a82169890e', 'System', 'System update completed successfully.', 0, CAST('2024-03-11T00:00:00.0000000' AS DateTime2), NULL, NULL),
('22d0d3b1-33a3-49f5-87a3-a2df01df01a1', '36712aa4-77f0-4510-8425-cf53dad54840', '7eb88892-549b-4cae-90be-c52088354643', 'System', 'New features available in the latest system update.', 0, CAST('2024-03-12T00:00:00.0000000' AS DateTime2), NULL, NULL),
('33d0d4c2-34a4-4af6-88a4-a3ef02df02a2', 'cb83d524-2016-4ce3-965b-223af9e7ba99', '36712aa4-77f0-4510-8425-cf53dad54840', 'Music', 'Live session alert: Join your favorite band''s Q&A today!', 0, CAST('2024-03-13T00:00:00.0000000' AS DateTime2), NULL, NULL),
('44e0d5d3-35a5-4bf7-99a5-a4ff03df03a3', '9c6a5f06-b1f0-4507-b2f8-955156a8bed6', 'cb83d524-2016-4ce3-965b-223af9e7ba99', 'Music', 'Your music subscription has been upgraded.', 0, CAST('2024-03-14T00:00:00.0000000' AS DateTime2), NULL, NULL),
('55f0e6e4-36a6-4cf8-aaa6-b50004df04a4', 'ff3dd044-ebfb-4e1d-9050-b6dcfe684a1a', '9c6a5f06-b1f0-4507-b2f8-955156a8bed6', 'Music', 'Playlist update: New tracks added to your favorite genre.', 0, CAST('2024-03-15T00:00:00.0000000' AS DateTime2), NULL, NULL),
('fe62d1cb-797b-47b8-b61d-2fb4bc55ce20', 'f2a1edb1-332f-4c2f-af59-6b5508eafbec', 'ff3dd044-ebfb-4e1d-9050-b6dcfe684a1a', 'Social', 'You have been tagged in 10 new photos.', 0, CAST('2024-03-16T00:00:00.0000000' AS DateTime2), NULL, NULL),
('c8afa171-ee36-424e-a67d-de6d465861f7', '14a3d4c4-fb21-4153-9096-d96bda62ee59', 'f2a1edb1-332f-4c2f-af59-6b5508eafbec', 'Social', 'Your story received over 200 views!', 0, CAST('2024-03-17T00:00:00.0000000' AS DateTime2), NULL, NULL),
('984df627-a5b3-4541-9987-b54e9c1576c0', '978d41ee-1f38-4c84-8826-8e62bc5ba109', '14a3d4c4-fb21-4153-9096-d96bda62ee59', 'Social', 'You have new comments to respond to.', 0, CAST('2024-03-18T00:00:00.0000000' AS DateTime2), NULL, NULL),
('b4c57e93-4f26-4868-bfd6-f511fe63d7e3', 'da189940-d09e-4587-9665-8efdf10684dd', '978d41ee-1f38-4c84-8826-8e62bc5ba109', 'Account', 'Account notification: You''ve earned a new loyalty badge.', 0, CAST('2024-03-19T00:00:00.0000000' AS DateTime2), NULL, NULL),
('376659d1-fa63-48b3-956b-f178e7750a04', '0a9e546f-38b4-4dbf-a482-24a82169890e', 'da189940-d09e-4587-9665-8efdf10684dd', 'Account', 'Reminder: Your subscription renewal is due next week.', 0, CAST('2024-03-20T00:00:00.0000000' AS DateTime2), NULL, NULL),
('31a74b33-5530-4fd9-9530-c5b31adddba9', '7eb88892-549b-4cae-90be-c52088354643', '0a9e546f-38b4-4dbf-a482-24a82169890e', 'Account', 'Security alert: Unusual activity detected on your account.', 0, CAST('2024-03-21T00:00:00.0000000' AS DateTime2), NULL, NULL),
('938732f5-3bff-426d-a838-657a577c87b1', '36712aa4-77f0-4510-8425-cf53dad54840', '7eb88892-549b-4cae-90be-c52088354643', 'System', 'A new update is available for your app.', 0, CAST('2024-03-22T00:00:00.0000000' AS DateTime2), NULL, NULL),
('b7954386-cacc-476c-bfad-01267d262f69', 'cb83d524-2016-4ce3-965b-223af9e7ba99', '36712aa4-77f0-4510-8425-cf53dad54840', 'System', 'Security notice: Please update your password.', 0, CAST('2024-03-23T00:00:00.0000000' AS DateTime2), NULL, NULL),
('f562d55f-281b-4b48-92fa-e2476b3abf74', '9c6a5f06-b1f0-4507-b2f8-955156a8bed6', 'cb83d524-2016-4ce3-965b-223af9e7ba99', 'System', 'Performance enhancements have been applied successfully.', 0, CAST('2024-03-24T00:00:00.0000000' AS DateTime2), NULL, NULL),
('25dbcfe4-b6aa-44c0-aa2d-e95cca4df9ff', 'ff3dd044-ebfb-4e1d-9050-b6dcfe684a1a', '9c6a5f06-b1f0-4507-b2f8-955156a8bed6', 'Music', 'Check out the newest albums released this week!', 0, CAST('2024-03-25T00:00:00.0000000' AS DateTime2), NULL, NULL),
('0f96131e-74c2-4acb-82a3-5564c1049086', 'f2a1edb1-332f-4c2f-af59-6b5508eafbec', 'ff3dd044-ebfb-4e1d-9050-b6dcfe684a1a', 'Music', 'Your favorite artist just released a new single!', 0, CAST('2024-03-26T00:00:00.0000000' AS DateTime2), NULL, NULL),
('2ea232f6-b229-4846-b028-ecdaa214ef7f', '14a3d4c4-fb21-4153-9096-d96bda62ee59', 'f2a1edb1-332f-4c2f-af59-6b5508eafbec', 'Music', 'Live concert alert: Your favorite band is touring near you! Get your tickets now.', 0, CAST('2024-03-27T00:00:00.0000000' AS DateTime2), NULL, NULL),
('dc41888e-78f4-4fe4-a437-3fd27401d9ea', '978d41ee-1f38-4c84-8826-8e62bc5ba109', '14a3d4c4-fb21-4153-9096-d96bda62ee59', 'Social', 'You have a new follower!', 0, CAST('2024-03-28T00:00:00.0000000' AS DateTime2), NULL, NULL),
('707e8678-89f3-4670-9fd0-aba89da589ff', 'da189940-d09e-4587-9665-8efdf10684dd', '978d41ee-1f38-4c84-8826-8e62bc5ba109', 'Social', 'Your recent post has gone viral!', 0, CAST('2024-03-29T00:00:00.0000000' AS DateTime2), NULL, NULL),
('ec4f53d0-5554-4ad9-a761-8f2811add21f', '0a9e546f-38b4-4dbf-a482-24a82169890e', 'da189940-d09e-4587-9665-8efdf10684dd', 'Social', 'Thank you for your feedback on social features! We have implemented your suggestions.', 0, CAST('2024-03-30T00:00:00.0000000' AS DateTime2), NULL, NULL),
('a492110f-a4ba-4f6e-9565-d0e902b91f36', '7eb88892-549b-4cae-90be-c52088354643', '0a9e546f-38b4-4dbf-a482-24a82169890e', 'Account', 'Performance enhancements have been applied successfully.', 0, CAST('2024-03-31T00:00:00.0000000' AS DateTime2), NULL, NULL),
('2b76e979-7def-44c8-9b3c-f6ac0253b86b', '36712aa4-77f0-4510-8425-cf53dad54840', '7eb88892-549b-4cae-90be-c52088354643', 'Account', 'Scheduled maintenance will occur this Sunday.', 0, CAST('2024-04-01T00:00:00.0000000' AS DateTime2), NULL, CAST('2024-04-01T12:00:00.0000000' AS DateTime2)),
('0d1d4015-a33d-4f2c-b947-39cf988b4b1b', 'cb83d524-2016-4ce3-965b-223af9e7ba99', '36712aa4-77f0-4510-8425-cf53dad54840', 'Account', 'Feature update: New tools available in your account management.', 0, CAST('2024-04-02T00:00:00.0000000' AS DateTime2), NULL, CAST('2024-04-02T12:00:00.0000000' AS DateTime2)),
('c9b81833-485b-4d0e-91b9-dbc65a299c55', '9c6a5f06-b1f0-4507-b2f8-955156a8bed6', 'cb83d524-2016-4ce3-965b-223af9e7ba99', 'System', 'Update: Your requested features are now live!', 0, CAST('2024-04-03T00:00:00.0000000' AS DateTime2), NULL, CAST('2024-04-03T12:00:00.0000000' AS DateTime2)),
('f245bed0-ab5b-4470-8c0c-373ef2a10c3b', 'ff3dd044-ebfb-4e1d-9050-b6dcfe684a1a', '9c6a5f06-b1f0-4507-b2f8-955156a8bed6', 'System', 'Your app interface has been updated for a better experience.', 0, CAST('2024-04-04T00:00:00.0000000' AS DateTime2), NULL, CAST('2024-04-04T12:00:00.0000000' AS DateTime2)),
('0960f07f-ce1f-485b-83f2-55f33a7bbd92', 'f2a1edb1-332f-4c2f-af59-6b5508eafbec', 'ff3dd044-ebfb-4e1d-9050-b6dcfe684a1a', 'System', 'We''ve upgraded your service to include new benefits.', 0, CAST('2024-04-05T00:00:00.0000000' AS DateTime2), NULL, CAST('2024-04-05T12:00:00.0000000' AS DateTime2)),
('4ad89c50-e58c-4d4c-aadf-1e80519a84d7', '14a3d4c4-fb21-4153-9096-d96bda62ee59', 'f2a1edb1-332f-4c2f-af59-6b5508eafbec', 'System', 'The latest update includes several performance enhancements.', 0, CAST('2024-04-06T00:00:00.0000000' AS DateTime2), NULL, NULL);

INSERT INTO [dbo].[Playlists] ([Id], [Title], [UserId], [CreatedAt], [UpdatedAt], [DeletedAt]) VALUES 
('239d050b-b59c-47e0-9e1a-ab5faf6f903e', 'Echoes of Euphoria', '0a9e546f-38b4-4dbf-a482-24a82169890e', CAST('2024-04-01T00:00:00.0000000' AS DateTime2), NULL, NULL),
('67b394ad-aeba-4804-be29-71fc4ebd37c8', 'Midnight Vibes', '7eb88892-549b-4cae-90be-c52088354643', CAST('2024-04-02T00:00:00.0000000' AS DateTime2), NULL, NULL),
('25fc284d-9ad3-462e-8947-9a46f1bb7bde', 'Retro Grooves', '36712aa4-77f0-4510-8425-cf53dad54840', CAST('2024-04-03T00:00:00.0000000' AS DateTime2), NULL, NULL),
('db73836b-b090-4b9e-979c-f02e712a4941', 'Chillwave Escapes', 'cb83d524-2016-4ce3-965b-223af9e7ba99', CAST('2024-04-04T00:00:00.0000000' AS DateTime2), NULL, NULL),
('883b32f5-6f45-4e36-aae4-271b40322445', 'Urban Beats', '9c6a5f06-b1f0-4507-b2f8-955156a8bed6', CAST('2024-04-05T00:00:00.0000000' AS DateTime2), NULL, NULL),
('a9f4b39f-c273-41e1-a82f-544e4c287192', 'Indie Dreams', 'ff3dd044-ebfb-4e1d-9050-b6dcfe684a1a', CAST('2024-04-06T00:00:00.0000000' AS DateTime2), NULL, NULL),
('49ea6e91-4033-49bd-9275-24292ee36bb8', 'Soulful Sessions', 'f2a1edb1-332f-4c2f-af59-6b5508eafbec', CAST('2024-04-07T00:00:00.0000000' AS DateTime2), NULL, NULL),
('f1d2f01e-dcb1-46e5-bb3c-a6a0cbd280f3', 'Acoustic Mornings', '14a3d4c4-fb21-4153-9096-d96bda62ee59', CAST('2024-04-08T00:00:00.0000000' AS DateTime2), NULL, NULL),
('20a85f02-c737-4f5e-ab72-e1512e1177d1', 'Electronic Odyssey', '978d41ee-1f38-4c84-8826-8e62bc5ba109', CAST('2024-04-09T00:00:00.0000000' AS DateTime2), NULL, NULL),
('c012c843-ca72-4121-b818-4b38d03be24b', 'Rock Revival', 'da189940-d09e-4587-9665-8efdf10684dd', CAST('2024-04-10T00:00:00.0000000' AS DateTime2), NULL, NULL),
('c6c1b55d-b30f-49e1-af8d-beeff7b76b24', 'Jazz Journeys', '0a9e546f-38b4-4dbf-a482-24a82169890e', CAST('2024-04-11T00:00:00.0000000' AS DateTime2), NULL, NULL),
('55fca191-e4fc-43da-a576-1a867256e65d', 'HipHop Highways', '7eb88892-549b-4cae-90be-c52088354643', CAST('2024-04-12T00:00:00.0000000' AS DateTime2), NULL, NULL),
('514b9ab3-0a63-4219-8989-9b3dd6422005', 'Classical Serenity', '36712aa4-77f0-4510-8425-cf53dad54840', CAST('2024-04-13T00:00:00.0000000' AS DateTime2), NULL, NULL),
('e8560429-a622-473a-9646-bfcaac9cc934', 'Pop Spectrum', 'cb83d524-2016-4ce3-965b-223af9e7ba99', CAST('2024-04-14T00:00:00.0000000' AS DateTime2), NULL, NULL),
('677abd5c-33e0-4553-9be7-f8be825e7afe', 'Alt-Rock Anthems', '9c6a5f06-b1f0-4507-b2f8-955156a8bed6', CAST('2024-04-15T00:00:00.0000000' AS DateTime2), NULL, NULL),
('1b6de32d-f60e-45ee-9d96-dcec12fe6525', 'Folklore Fields', 'ff3dd044-ebfb-4e1d-9050-b6dcfe684a1a', CAST('2024-04-16T00:00:00.0000000' AS DateTime2), NULL, NULL),
('4c8747b0-e5a6-48e4-af5c-bdebbe041daa', 'R&B Reflections', 'f2a1edb1-332f-4c2f-af59-6b5508eafbec', CAST('2024-04-17T00:00:00.0000000' AS DateTime2), NULL, NULL),
('ab9ee809-25a5-4c16-8f04-1c9ee63c7784', 'Techno Pulse', '14a3d4c4-fb21-4153-9096-d96bda62ee59', CAST('2024-04-18T00:00:00.0000000' AS DateTime2), NULL, NULL),
('01de5998-2c9f-40c5-8766-0d17103da4a0', 'Country Roads', '978d41ee-1f38-4c84-8826-8e62bc5ba109', CAST('2024-04-19T00:00:00.0000000' AS DateTime2), NULL, CAST('2024-04-19T12:00:00.0000000' AS DateTime2)),
('309ba8a0-3a2a-44fd-b359-1058defb3c75', 'Reggae Rhythms', 'da189940-d09e-4587-9665-8efdf10684dd', CAST('2024-04-20T00:00:00.0000000' AS DateTime2), NULL, CAST('2024-04-20T12:00:00.0000000' AS DateTime2)),
('ca6f3c65-8051-48a5-8c36-adbfc1a6ac1c', 'Latin Fire', '0a9e546f-38b4-4dbf-a482-24a82169890e', CAST('2024-04-21T00:00:00.0000000' AS DateTime2), NULL, CAST('2024-04-21T12:00:00.0000000' AS DateTime2)),
('80759f9e-c756-4ae1-abcc-c5b300c4890f', 'Dance Floor Fillers', '7eb88892-549b-4cae-90be-c52088354643', CAST('2024-04-22T00:00:00.0000000' AS DateTime2), NULL, CAST('2024-04-22T12:00:00.0000000' AS DateTime2)),
('07919c9c-2642-4a31-8200-e978052c4d7e', 'Cinematic Scores', '36712aa4-77f0-4510-8425-cf53dad54840', CAST('2024-04-23T00:00:00.0000000' AS DateTime2), NULL, CAST('2024-04-23T12:00:00.0000000' AS DateTime2)),
('cd410a0f-e3dc-4cd9-99b8-ecbd540bb19c', 'Punk Power', 'cb83d524-2016-4ce3-965b-223af9e7ba99', CAST('2024-04-24T00:00:00.0000000' AS DateTime2), NULL, NULL);

INSERT INTO [dbo].[PlaylistSong] ([PlaylistsId], [SongsId]) VALUES
('239d050b-b59c-47e0-9e1a-ab5faf6f903e', '64f534f8-f2d4-4402-95a3-54de48b678a8'),
('239d050b-b59c-47e0-9e1a-ab5faf6f903e', '278cfa5a-6f44-420e-9930-07da6c43a6ad'),
('239d050b-b59c-47e0-9e1a-ab5faf6f903e', '7ef7351b-912e-4a64-ba6d-cfdfcb7d56af'),
('239d050b-b59c-47e0-9e1a-ab5faf6f903e', '03b3fb9f-38af-4074-8ab5-b9644ab44397'),
('67b394ad-aeba-4804-be29-71fc4ebd37c8', '3aff8c17-3c98-44ed-a849-1976d2c4a91a'),
('67b394ad-aeba-4804-be29-71fc4ebd37c8', 'e7b0024e-cc97-46a8-bd3a-450607eebe3c'),
('67b394ad-aeba-4804-be29-71fc4ebd37c8', '8a5f664a-c72d-46b2-b12b-b38e4a5ec67f'),
('67b394ad-aeba-4804-be29-71fc4ebd37c8', '83b64a87-6bc5-4b61-9121-505f37b81682'),
('25fc284d-9ad3-462e-8947-9a46f1bb7bde', '23abfe5e-e938-4bf5-93d4-202e2fa3aa3e'),
('25fc284d-9ad3-462e-8947-9a46f1bb7bde', '48f88f8f-c393-4bda-9812-a748486f404e'),
('25fc284d-9ad3-462e-8947-9a46f1bb7bde', 'eb6c8e4c-502e-45b4-9a69-387e33cdadb1'),
('25fc284d-9ad3-462e-8947-9a46f1bb7bde', '68b0682b-9ac7-42a2-873a-8e9874e12953'),
('db73836b-b090-4b9e-979c-f02e712a4941', '1e43835a-4902-4d12-abaf-0bc8f2dae2aa'),
('db73836b-b090-4b9e-979c-f02e712a4941', '19dc1564-8c00-4377-95db-16535a80610a'),
('db73836b-b090-4b9e-979c-f02e712a4941', 'b26a4472-db66-4bec-926d-bb53f31083c2'),
('db73836b-b090-4b9e-979c-f02e712a4941', 'e91a010d-0fa4-4801-bee5-1974e87ab3d2'),
('883b32f5-6f45-4e36-aae4-271b40322445', '469b6456-1157-43da-a275-88c983fcee9d'),
('883b32f5-6f45-4e36-aae4-271b40322445', 'c23a762d-0f9f-43b9-8a6a-7a34421ee042'),
('883b32f5-6f45-4e36-aae4-271b40322445', '80b291d4-5306-4879-8aa1-fec2ea4b6516'),
('883b32f5-6f45-4e36-aae4-271b40322445', '81acd1bf-e6f3-44c4-ad24-c47dc22adc60'),
('a9f4b39f-c273-41e1-a82f-544e4c287192', '0e13b758-e1dc-4f5a-a481-de9ab43934f1'),
('a9f4b39f-c273-41e1-a82f-544e4c287192', '9acfdf82-5ffd-474d-8303-b22a2a9ce0f8'),
('a9f4b39f-c273-41e1-a82f-544e4c287192', '586efb75-57ab-43ca-9b85-3bdeeae3ae19'),
('a9f4b39f-c273-41e1-a82f-544e4c287192', 'e4be062f-b594-4580-b514-d9d6cdaf2933'),
('49ea6e91-4033-49bd-9275-24292ee36bb8', '0500418e-bfad-4cd1-860d-994cbdc9e2df'),
('49ea6e91-4033-49bd-9275-24292ee36bb8', 'bc81df0c-573b-4269-ac2c-2b2667967dbb'),
('49ea6e91-4033-49bd-9275-24292ee36bb8', '866d5272-594d-423d-b702-cfccbe7a8e44'),
('49ea6e91-4033-49bd-9275-24292ee36bb8', '5231566f-373d-46a2-af0f-62e1a9ea643b'),
('f1d2f01e-dcb1-46e5-bb3c-a6a0cbd280f3', '70eb9a4b-be40-4b01-8534-796bb5f02d90'),
('f1d2f01e-dcb1-46e5-bb3c-a6a0cbd280f3', 'bb5f149f-8e45-455c-91d1-97639e96f671'),
('f1d2f01e-dcb1-46e5-bb3c-a6a0cbd280f3', '4a88b128-2471-4f25-b51a-136363ddbe7d'),
('f1d2f01e-dcb1-46e5-bb3c-a6a0cbd280f3', '84b69406-d92e-4feb-a313-f1f373f1958c'),
('20a85f02-c737-4f5e-ab72-e1512e1177d1', 'ded148fc-19d8-478a-9060-0b4543727d37'),
('20a85f02-c737-4f5e-ab72-e1512e1177d1', '92388b4d-6ff6-4500-9b02-24d4227f3a28'),
('20a85f02-c737-4f5e-ab72-e1512e1177d1', 'e1817fb5-5fb6-44aa-abbf-eda52cc578d7'),
('20a85f02-c737-4f5e-ab72-e1512e1177d1', '9a5f706f-ae38-418d-b911-77559d20e076'),
('c012c843-ca72-4121-b818-4b38d03be24b', '01db55cc-7d06-4778-b9c1-7ccdc3e3cd13'),
('c012c843-ca72-4121-b818-4b38d03be24b', 'f80a900f-e0a5-4cc3-8adf-27c6309b81ca'),
('c012c843-ca72-4121-b818-4b38d03be24b', 'd6a31188-c1b8-4976-b372-aced401f2347'),
('c012c843-ca72-4121-b818-4b38d03be24b', '8f0191bc-a242-4cb0-a9ba-38f48e823e54'),
('c6c1b55d-b30f-49e1-af8d-beeff7b76b24', 'c80e5abb-3759-49eb-8cbe-c2b7ff742072'),
('c6c1b55d-b30f-49e1-af8d-beeff7b76b24', 'f1647832-8eb1-460d-a5ae-c9fac5e2cd5d'),
('c6c1b55d-b30f-49e1-af8d-beeff7b76b24', 'e3d3e750-7179-4189-9c19-fd546c4493c5'),
('c6c1b55d-b30f-49e1-af8d-beeff7b76b24', '2a14abb5-4eea-46e2-bb70-2cf907acbf09'),
('55fca191-e4fc-43da-a576-1a867256e65d', '8f764924-0f7a-49e0-a39d-d29f9c3b1161'),
('55fca191-e4fc-43da-a576-1a867256e65d', '2dec0615-0284-4260-a0f8-44baa2954bc4'),
('55fca191-e4fc-43da-a576-1a867256e65d', '55bce552-42e3-4ae9-96d2-6df192f2ac50'),
('55fca191-e4fc-43da-a576-1a867256e65d', '7aaaf887-d5e5-47b6-b14b-6dfb7e423ea8'),
('514b9ab3-0a63-4219-8989-9b3dd6422005', 'f7a5b648-8efe-41a8-8407-a9a76d8eb6fc'),
('514b9ab3-0a63-4219-8989-9b3dd6422005', '25d27dd1-8add-421e-93e0-ba7d964ff990'),
('514b9ab3-0a63-4219-8989-9b3dd6422005', '93218e81-668d-4697-ab5b-e9e04cc9732d'),
('514b9ab3-0a63-4219-8989-9b3dd6422005', '3e5f72f3-c2f9-4771-99c8-5a5ced274ed7'),
('e8560429-a622-473a-9646-bfcaac9cc934', 'c00dd550-41aa-41e3-890e-abf3c937e62f'),
('e8560429-a622-473a-9646-bfcaac9cc934', 'bd5e6040-ba62-4a5d-aeda-ba81f6f46eea'),
('e8560429-a622-473a-9646-bfcaac9cc934', '448f0c35-54b1-4bd3-9a37-24b350b50d0f'),
('e8560429-a622-473a-9646-bfcaac9cc934', '835cb2dd-fb45-4605-9445-a2d14d2fba7b'),
('677abd5c-33e0-4553-9be7-f8be825e7afe', 'd38a98c4-5cc7-45a2-93c0-4d03ff9cb496'),
('677abd5c-33e0-4553-9be7-f8be825e7afe', '34531668-8c68-4ebd-a6a7-36645e9bac97'),
('677abd5c-33e0-4553-9be7-f8be825e7afe', 'f2c126f4-0b32-46b1-a293-e4d53fd70d0f'),
('677abd5c-33e0-4553-9be7-f8be825e7afe', '095f7293-c7b5-4c29-9112-4aa24a8c063a'),
('1b6de32d-f60e-45ee-9d96-dcec12fe6525', '1a4c8801-de6e-4787-b940-69ec4b9e8ad1'),
('1b6de32d-f60e-45ee-9d96-dcec12fe6525', 'a1f09d89-9f92-4531-ae83-7d595da08138'),
('1b6de32d-f60e-45ee-9d96-dcec12fe6525', '923182ab-0058-40ea-a878-f6ba3dad4f74'),
('1b6de32d-f60e-45ee-9d96-dcec12fe6525', '3c15b1af-8b00-4356-ae83-873a553d99c6'),
('4c8747b0-e5a6-48e4-af5c-bdebbe041daa', '3dab7f91-33f3-4271-a2ff-d9b5eb232068'),
('4c8747b0-e5a6-48e4-af5c-bdebbe041daa', '74316db6-7ad9-4570-b837-136944e986ad'),
('4c8747b0-e5a6-48e4-af5c-bdebbe041daa', '4cf28277-1496-4420-ac8a-9c24e1e41181'),
('4c8747b0-e5a6-48e4-af5c-bdebbe041daa', '9a9e7afb-d32b-4975-a7ed-d0174761e6e7'),
('ab9ee809-25a5-4c16-8f04-1c9ee63c7784', 'ad372f33-1ace-46da-b3ef-f9156398a019'),
('ab9ee809-25a5-4c16-8f04-1c9ee63c7784', 'bc795075-07ac-4458-a8a2-56b7d8ab0437'),
('ab9ee809-25a5-4c16-8f04-1c9ee63c7784', '72c4be16-5b12-432b-8cec-4fa162788527'),
('ab9ee809-25a5-4c16-8f04-1c9ee63c7784', 'f111ef40-05d2-4e04-9856-d63fade4a12d'),
('01de5998-2c9f-40c5-8766-0d17103da4a0', 'f027a18c-3164-42a2-b49b-f299a1477798'),
('01de5998-2c9f-40c5-8766-0d17103da4a0', 'a19c9d5d-5999-4972-aca8-1990d6c854ea'),
('01de5998-2c9f-40c5-8766-0d17103da4a0', '46d680bc-036d-4e72-bb12-1d8ed212c83a'),
('01de5998-2c9f-40c5-8766-0d17103da4a0', '8f162292-9e44-4003-97b8-86fe410c486a'),
('309ba8a0-3a2a-44fd-b359-1058defb3c75', 'b2c5d58f-9983-48c5-8a1e-96dafdb3307c'),
('309ba8a0-3a2a-44fd-b359-1058defb3c75', 'd7cc064f-70a0-43ad-bd86-8d200580d6b8'),
('309ba8a0-3a2a-44fd-b359-1058defb3c75', 'daf6789f-eb96-423c-9958-82ba17c4517a'),
('309ba8a0-3a2a-44fd-b359-1058defb3c75', '5248af81-7450-48a8-bce9-d179a79101b3'),
('ca6f3c65-8051-48a5-8c36-adbfc1a6ac1c', 'a8bdf565-b0d2-46dd-aa34-fedd762ff61c'),
('ca6f3c65-8051-48a5-8c36-adbfc1a6ac1c', 'be8f4a76-9966-4b2f-95ef-067dd7879655'),
('ca6f3c65-8051-48a5-8c36-adbfc1a6ac1c', '5904e413-0619-4099-afbc-71e133a68511'),
('80759f9e-c756-4ae1-abcc-c5b300c4890f', 'a5780fe8-4708-4574-a3de-416064b970d1'),
('80759f9e-c756-4ae1-abcc-c5b300c4890f', '212c0538-0cb2-4126-bcc9-baaa8265afb2'),
('80759f9e-c756-4ae1-abcc-c5b300c4890f', '748d7f2c-0e5d-45cd-8f5d-77da302bbc0c'),
('07919c9c-2642-4a31-8200-e978052c4d7e', '3a2b8ce7-e279-42dd-8905-a42d35bf6fa0'),
('07919c9c-2642-4a31-8200-e978052c4d7e', 'af20c27b-e20c-459a-bbde-7603fc8715fc'),
('07919c9c-2642-4a31-8200-e978052c4d7e', 'a23d5a35-4168-40d2-a8eb-cd15f71f120c');